train_number,coach_number,seat_class,total_seats,tatkal_quota,premium_tatkal_quota,ladies_quota,senior_citizen_quota,max_rac_seats,max_waitlist_seats
02423,H1,S1,24,6,3,6,4,18,50
02423,A1,S2,48,6,3,6,4,18,50
02423,A2,S2,48,6,3,6,4,18,50
02423,B1,S3,64,6,3,6,4,18,50
02423,B2,S3,64,6,3,6,4,18,50
02423,B3,S3,64,6,3,6,4,18,50
02423,B4,S3,64,6,3,6,4,18,50
02436,H1,S1,24,6,3,6,4,18,50
02436,A1,S2,48,6,3,6,4,18,50
02436,A2,S2,48,6,3,6,4,18,50
02436,B1,S3,64,6,3,6,4,18,50
02436,B2,S3,64,6,3,6,4,18,50
02436,B3,S3,64,6,3,6,4,18,50
02436,B4,S3,64,6,3,6,4,18,50
12309,H1,S1,24,6,3,6,4,18,50
12309,A1,S2,48,6,3,6,4,18,50
12309,A2,S2,48,6,3,6,4,18,50
12309,B1,S3,64,6,3,6,4,18,50
12309,B2,S3,64,6,3,6,4,18,50
12309,B3,S3,64,6,3,6,4,18,50
12309,B4,S3,64,6,3,6,4,18,50
12958,H1,S1,24,6,3,6,4,18,50
12958,A1,S2,48,6,3,6,4,18,50
12958,A2,S2,48,6,3,6,4,18,50
12958,B1,S3,64,6,3,6,4,18,50
12958,B2,S3,64,6,3,6,4,18,50
12958,B3,S3,64,6,3,6,4,18,50
12958,B4,S3,64,6,3,6,4,18,50
12441,H1,S1,24,6,3,6,4,18,50
12441,A1,S2,48,6,3,6,4,18,50
12441,A2,S2,48,6,3,6,4,18,50
12441,B1,S3,64,6,3,6,4,18,50
12441,B2,S3,64,6,3,6,4,18,50
12441,B3,S3,64,6,3,6,4,18,50
12441,B4,S3,64,6,3,6,4,18,50
12953,H1,S1,24,6,3,6,4,18,50
12953,A1,S2,48,6,3,6,4,18,50
12953,A2,S2,48,6,3,6,4,18,50
12953,B1,S3,64,6,3,6,4,18,50
12953,B2,S3,64,6,3,6,4,18,50
12953,B3,S3,64,6,3,6,4,18,50
12953,B4,S3,64,6,3,6,4,18,50
12952,H1,S1,24,6,3,6,4,18,50
12952,A1,S2,48,6,3,6,4,18,50
12952,A2,S2,48,6,3,6,4,18,50
12952,B1,S3,64,6,3,6,4,18,50
12952,B2,S3,64,6,3,6,4,18,50
12952,B3,S3,64,6,3,6,4,18,50
12952,B4,S3,64,6,3,6,4,18,50
12301,H1,S1,24,6,3,6,4,18,50
12301,A1,S2,48,6,3,6,4,18,50
12301,A2,S2,48,6,3,6,4,18,50
12301,B1,S3,64,6,3,6,4,18,50
12301,B2,S3,64,6,3,6,4,18,50
12301,B3,S3,64,6,3,6,4,18,50
12301,B4,S3,64,6,3,6,4,18,50
12306,H1,S1,24,6,3,6,4,18,50
12306,A1,S2,48,6,3,6,4,18,50
12306,A2,S2,48,6,3,6,4,18,50
12306,B1,S3,64,6,3,6,4,18,50
12306,B2,S3,64,6,3,6,4,18,50
12306,B3,S3,64,6,3,6,4,18,50
12306,B4,S3,64,6,3,6,4,18,50
12313,H1,S1,24,6,3,6,4,18,50
12313,A1,S2,48,6,3,6,4,18,50
12313,A2,S2,48,6,3,6,4,18,50
12313,B1,S3,64,6,3,6,4,18,50
12313,B2,S3,64,6,3,6,4,18,50
12313,B3,S3,64,6,3,6,4,18,50
12313,B4,S3,64,6,3,6,4,18,50
12493,H1,S1,24,6,3,6,4,18,50
12493,A1,S2,48,6,3,6,4,18,50
12493,A2,S2,48,6,3,6,4,18,50
12493,B1,S3,64,6,3,6,4,18,50
12493,B2,S3,64,6,3,6,4,18,50
12493,B3,S3,64,6,3,6,4,18,50
12493,B4,S3,64,6,3,6,4,18,50
12434,H1,S1,24,6,3,6,4,18,50
12434,A1,S2,48,6,3,6,4,18,50
12434,A2,S2,48,6,3,6,4,18,50
12434,B1,S3,64,6,3,6,4,18,50
12434,B2,S3,64,6,3,6,4,18,50
12434,B3,S3,64,6,3,6,4,18,50
12434,B4,S3,64,6,3,6,4,18,50
22823,H1,S1,24,6,3,6,4,18,50
22823,A1,S2,48,6,3,6,4,18,50
22823,A2,S2,48,6,3,6,4,18,50
22823,B1,S3,64,6,3,6,4,18,50
22823,B2,S3,64,6,3,6,4,18,50
22823,B3,S3,64,6,3,6,4,18,50
22823,B4,S3,64,6,3,6,4,18,50
12235,H1,S1,24,6,3,6,4,18,50
12235,A1,S2,48,6,3,6,4,18,50
12235,A2,S2,48,6,3,6,4,18,50
12235,B1,S3,64,6,3,6,4,18,50
12235,B2,S3,64,6,3,6,4,18,50
12235,B3,S3,64,6,3,6,4,18,50
12235,B4,S3,64,6,3,6,4,18,50
12423,H1,S1,24,6,3,6,4,18,50
12423,A1,S2,48,6,3,6,4,18,50
12423,A2,S2,48,6,3,6,4,18,50
12423,B1,S3,64,6,3,6,4,18,50
12423,B2,S3,64,6,3,6,4,18,50
12423,B3,S3,64,6,3,6,4,18,50
12423,B4,S3,64,6,3,6,4,18,50
12061,E1,EC,56,6,3,6,4,18,50
12061,C1,CC,78,6,3,6,4,18,50
12061,C2,CC,78,6,3,6,4,18,50
12061,C3,CC,78,6,3,6,4,18,50
12061,C4,CC,78,6,3,6,4,18,50
12011,E1,EC,56,6,3,6,4,18,50
12011,C1,CC,78,6,3,6,4,18,50
12011,C2,CC,78,6,3,6,4,18,50
12011,C3,CC,78,6,3,6,4,18,50
12011,C4,CC,78,6,3,6,4,18,50
12056,E1,EC,56,6,3,6,4,18,50
12056,C1,CC,78,6,3,6,4,18,50
12056,C2,CC,78,6,3,6,4,18,50
12056,C3,CC,78,6,3,6,4,18,50
12056,C4,CC,78,6,3,6,4,18,50
12365,E1,EC,56,6,3,6,4,18,50
12365,C1,CC,78,6,3,6,4,18,50
12365,C2,CC,78,6,3,6,4,18,50
12365,C3,CC,78,6,3,6,4,18,50
12365,C4,CC,78,6,3,6,4,18,50
12069,E1,EC,56,6,3,6,4,18,50
12069,C1,CC,78,6,3,6,4,18,50
12069,C2,CC,78,6,3,6,4,18,50
12069,C3,CC,78,6,3,6,4,18,50
12069,C4,CC,78,6,3,6,4,18,50
12060,E1,EC,56,6,3,6,4,18,50
12060,C1,CC,78,6,3,6,4,18,50
12060,C2,CC,78,6,3,6,4,18,50
12060,C3,CC,78,6,3,6,4,18,50
12060,C4,CC,78,6,3,6,4,18,50
12033,E1,EC,56,6,3,6,4,18,50
12033,C1,CC,78,6,3,6,4,18,50
12033,C2,CC,78,6,3,6,4,18,50
12033,C3,CC,78,6,3,6,4,18,50
12033,C4,CC,78,6,3,6,4,18,50
12083,E1,EC,56,6,3,6,4,18,50
12083,C1,CC,78,6,3,6,4,18,50
12083,C2,CC,78,6,3,6,4,18,50
12083,C3,CC,78,6,3,6,4,18,50
12083,C4,CC,78,6,3,6,4,18,50
12014,E1,EC,56,6,3,6,4,18,50
12014,C1,CC,78,6,3,6,4,18,50
12014,C2,CC,78,6,3,6,4,18,50
12014,C3,CC,78,6,3,6,4,18,50
12014,C4,CC,78,6,3,6,4,18,50
12031,E1,EC,56,6,3,6,4,18,50
12031,C1,CC,78,6,3,6,4,18,50
12031,C2,CC,78,6,3,6,4,18,50
12031,C3,CC,78,6,3,6,4,18,50
12031,C4,CC,78,6,3,6,4,18,50
12077,E1,EC,56,6,3,6,4,18,50
12077,C1,CC,78,6,3,6,4,18,50
12077,C2,CC,78,6,3,6,4,18,50
12077,C3,CC,78,6,3,6,4,18,50
12077,C4,CC,78,6,3,6,4,18,50
12028,E1,EC,56,6,3,6,4,18,50
12028,C1,CC,78,6,3,6,4,18,50
12028,C2,CC,78,6,3,6,4,18,50
12028,C3,CC,78,6,3,6,4,18,50
12028,C4,CC,78,6,3,6,4,18,50
12019,E1,EC,56,6,3,6,4,18,50
12019,C1,CC,78,6,3,6,4,18,50
12019,C2,CC,78,6,3,6,4,18,50
12019,C3,CC,78,6,3,6,4,18,50
12019,C4,CC,78,6,3,6,4,18,50
12001,E1,EC,56,6,3,6,4,18,50
12001,C1,CC,78,6,3,6,4,18,50
12001,C2,CC,78,6,3,6,4,18,50
12001,C3,CC,78,6,3,6,4,18,50
12001,C4,CC,78,6,3,6,4,18,50
12024,E1,EC,56,6,3,6,4,18,50
12024,C1,CC,78,6,3,6,4,18,50
12024,C2,CC,78,6,3,6,4,18,50
12024,C3,CC,78,6,3,6,4,18,50
12024,C4,CC,78,6,3,6,4,18,50
12241,GN1,GN,100,6,3,6,4,18,50
12241,S1,SL,72,6,3,6,4,18,50
12241,S2,SL,72,6,3,6,4,18,50
12241,S3,SL,72,6,3,6,4,18,50
12241,S4,SL,72,6,3,6,4,18,50
12241,S5,SL,72,6,3,6,4,18,50
12241,B1,S3,64,6,3,6,4,18,50
12241,B2,S3,64,6,3,6,4,18,50
12241,A1,S2,48,6,3,6,4,18,50
12241,GN2,GN,100,6,3,6,4,18,50
12848,GN1,GN,100,6,3,6,4,18,50
12848,S1,SL,72,6,3,6,4,18,50
12848,S2,SL,72,6,3,6,4,18,50
12848,S3,SL,72,6,3,6,4,18,50
12848,S4,SL,72,6,3,6,4,18,50
12848,S5,SL,72,6,3,6,4,18,50
12848,B1,S3,64,6,3,6,4,18,50
12848,B2,S3,64,6,3,6,4,18,50
12848,A1,S2,48,6,3,6,4,18,50
12848,GN2,GN,100,6,3,6,4,18,50
12265,GN1,GN,100,6,3,6,4,18,50
12265,S1,SL,72,6,3,6,4,18,50
12265,S2,SL,72,6,3,6,4,18,50
12265,S3,SL,72,6,3,6,4,18,50
12265,S4,SL,72,6,3,6,4,18,50
12265,S5,SL,72,6,3,6,4,18,50
12265,B1,S3,64,6,3,6,4,18,50
12265,B2,S3,64,6,3,6,4,18,50
12265,A1,S2,48,6,3,6,4,18,50
12265,GN2,GN,100,6,3,6,4,18,50
12243,GN1,GN,100,6,3,6,4,18,50
12243,S1,SL,72,6,3,6,4,18,50
12243,S2,SL,72,6,3,6,4,18,50
12243,S3,SL,72,6,3,6,4,18,50
12243,S4,SL,72,6,3,6,4,18,50
12243,S5,SL,72,6,3,6,4,18,50
12243,B1,S3,64,6,3,6,4,18,50
12243,B2,S3,64,6,3,6,4,18,50
12243,A1,S2,48,6,3,6,4,18,50
12243,GN2,GN,100,6,3,6,4,18,50
12267,GN1,GN,100,6,3,6,4,18,50
12267,S1,SL,72,6,3,6,4,18,50
12267,S2,SL,72,6,3,6,4,18,50
12267,S3,SL,72,6,3,6,4,18,50
12267,S4,SL,72,6,3,6,4,18,50
12267,S5,SL,72,6,3,6,4,18,50
12267,B1,S3,64,6,3,6,4,18,50
12267,B2,S3,64,6,3,6,4,18,50
12267,A1,S2,48,6,3,6,4,18,50
12267,GN2,GN,100,6,3,6,4,18,50
12289,GN1,GN,100,6,3,6,4,18,50
12289,S1,SL,72,6,3,6,4,18,50
12289,S2,SL,72,6,3,6,4,18,50
12289,S3,SL,72,6,3,6,4,18,50
12289,S4,SL,72,6,3,6,4,18,50
12289,S5,SL,72,6,3,6,4,18,50
12289,B1,S3,64,6,3,6,4,18,50
12289,B2,S3,64,6,3,6,4,18,50
12289,A1,S2,48,6,3,6,4,18,50
12289,GN2,GN,100,6,3,6,4,18,50
12220,GN1,GN,100,6,3,6,4,18,50
12220,S1,SL,72,6,3,6,4,18,50
12220,S2,SL,72,6,3,6,4,18,50
12220,S3,SL,72,6,3,6,4,18,50
12220,S4,SL,72,6,3,6,4,18,50
12220,S5,SL,72,6,3,6,4,18,50
12220,B1,S3,64,6,3,6,4,18,50
12220,B2,S3,64,6,3,6,4,18,50
12220,A1,S2,48,6,3,6,4,18,50
12220,GN2,GN,100,6,3,6,4,18,50
12239,GN1,GN,100,6,3,6,4,18,50
12239,S1,SL,72,6,3,6,4,18,50
12239,S2,SL,72,6,3,6,4,18,50
12239,S3,SL,72,6,3,6,4,18,50
12239,S4,SL,72,6,3,6,4,18,50
12239,S5,SL,72,6,3,6,4,18,50
12239,B1,S3,64,6,3,6,4,18,50
12239,B2,S3,64,6,3,6,4,18,50
12239,A1,S2,48,6,3,6,4,18,50
12239,GN2,GN,100,6,3,6,4,18,50
12224,GN1,GN,100,6,3,6,4,18,50
12224,S1,SL,72,6,3,6,4,18,50
12224,S2,SL,72,6,3,6,4,18,50
12224,S3,SL,72,6,3,6,4,18,50
12224,S4,SL,72,6,3,6,4,18,50
12224,S5,SL,72,6,3,6,4,18,50
12224,B1,S3,64,6,3,6,4,18,50
12224,B2,S3,64,6,3,6,4,18,50
12224,A1,S2,48,6,3,6,4,18,50
12224,GN2,GN,100,6,3,6,4,18,50
12263,GN1,GN,100,6,3,6,4,18,50
12263,S1,SL,72,6,3,6,4,18,50
12263,S2,SL,72,6,3,6,4,18,50
12263,S3,SL,72,6,3,6,4,18,50
12263,S4,SL,72,6,3,6,4,18,50
12263,S5,SL,72,6,3,6,4,18,50
12263,B1,S3,64,6,3,6,4,18,50
12263,B2,S3,64,6,3,6,4,18,50
12263,A1,S2,48,6,3,6,4,18,50
12263,GN2,GN,100,6,3,6,4,18,50
12259,GN1,GN,100,6,3,6,4,18,50
12259,S1,SL,72,6,3,6,4,18,50
12259,S2,SL,72,6,3,6,4,18,50
12259,S3,SL,72,6,3,6,4,18,50
12259,S4,SL,72,6,3,6,4,18,50
12259,S5,SL,72,6,3,6,4,18,50
12259,B1,S3,64,6,3,6,4,18,50
12259,B2,S3,64,6,3,6,4,18,50
12259,A1,S2,48,6,3,6,4,18,50
12259,GN2,GN,100,6,3,6,4,18,50
12282,GN1,GN,100,6,3,6,4,18,50
12282,S1,SL,72,6,3,6,4,18,50
12282,S2,SL,72,6,3,6,4,18,50
12282,S3,SL,72,6,3,6,4,18,50
12282,S4,SL,72,6,3,6,4,18,50
12282,S5,SL,72,6,3,6,4,18,50
12282,B1,S3,64,6,3,6,4,18,50
12282,B2,S3,64,6,3,6,4,18,50
12282,A1,S2,48,6,3,6,4,18,50
12282,GN2,GN,100,6,3,6,4,18,50
12213,GN1,GN,100,6,3,6,4,18,50
12213,S1,SL,72,6,3,6,4,18,50
12213,S2,SL,72,6,3,6,4,18,50
12213,S3,SL,72,6,3,6,4,18,50
12213,S4,SL,72,6,3,6,4,18,50
12213,S5,SL,72,6,3,6,4,18,50
12213,B1,S3,64,6,3,6,4,18,50
12213,B2,S3,64,6,3,6,4,18,50
12213,A1,S2,48,6,3,6,4,18,50
12213,GN2,GN,100,6,3,6,4,18,50
12222,GN1,GN,100,6,3,6,4,18,50
12222,S1,SL,72,6,3,6,4,18,50
12222,S2,SL,72,6,3,6,4,18,50
12222,S3,SL,72,6,3,6,4,18,50
12222,S4,SL,72,6,3,6,4,18,50
12222,S5,SL,72,6,3,6,4,18,50
12222,B1,S3,64,6,3,6,4,18,50
12222,B2,S3,64,6,3,6,4,18,50
12222,A1,S2,48,6,3,6,4,18,50
12222,GN2,GN,100,6,3,6,4,18,50
12245,GN1,GN,100,6,3,6,4,18,50
12245,S1,SL,72,6,3,6,4,18,50
12245,S2,SL,72,6,3,6,4,18,50
12245,S3,SL,72,6,3,6,4,18,50
12245,S4,SL,72,6,3,6,4,18,50
12245,S5,SL,72,6,3,6,4,18,50
12245,B1,S3,64,6,3,6,4,18,50
12245,B2,S3,64,6,3,6,4,18,50
12245,A1,S2,48,6,3,6,4,18,50
12245,GN2,GN,100,6,3,6,4,18,50
12209,GN1,GN,100,6,3,6,4,18,50
12209,S1,SL,72,6,3,6,4,18,50
12209,S2,SL,72,6,3,6,4,18,50
12209,S3,SL,72,6,3,6,4,18,50
12209,S4,SL,72,6,3,6,4,18,50
12209,S5,SL,72,6,3,6,4,18,50
12209,B1,S3,64,6,3,6,4,18,50
12209,B2,S3,64,6,3,6,4,18,50
12209,A1,S2,48,6,3,6,4,18,50
12209,GN2,GN,100,6,3,6,4,18,50
12736,GN1,GN,100,6,3,6,4,18,50
12736,S1,SL,72,6,3,6,4,18,50
12736,S2,SL,72,6,3,6,4,18,50
12736,S3,SL,72,6,3,6,4,18,50
12736,S4,SL,72,6,3,6,4,18,50
12736,S5,SL,72,6,3,6,4,18,50
12736,B1,S3,64,6,3,6,4,18,50
12736,B2,S3,64,6,3,6,4,18,50
12736,A1,S2,48,6,3,6,4,18,50
12736,GN2,GN,100,6,3,6,4,18,50
12881,GN1,GN,100,6,3,6,4,18,50
12881,S1,SL,72,6,3,6,4,18,50
12881,S2,SL,72,6,3,6,4,18,50
12881,S3,SL,72,6,3,6,4,18,50
12881,S4,SL,72,6,3,6,4,18,50
12881,S5,SL,72,6,3,6,4,18,50
12881,B1,S3,64,6,3,6,4,18,50
12881,B2,S3,64,6,3,6,4,18,50
12881,A1,S2,48,6,3,6,4,18,50
12881,GN2,GN,100,6,3,6,4,18,50
12536,GN1,GN,100,6,3,6,4,18,50
12536,S1,SL,72,6,3,6,4,18,50
12536,S2,SL,72,6,3,6,4,18,50
12536,S3,SL,72,6,3,6,4,18,50
12536,S4,SL,72,6,3,6,4,18,50
12536,S5,SL,72,6,3,6,4,18,50
12536,B1,S3,64,6,3,6,4,18,50
12536,B2,S3,64,6,3,6,4,18,50
12536,A1,S2,48,6,3,6,4,18,50
12536,GN2,GN,100,6,3,6,4,18,50
12831,GN1,GN,100,6,3,6,4,18,50
12831,S1,SL,72,6,3,6,4,18,50
12831,S2,SL,72,6,3,6,4,18,50
12831,S3,SL,72,6,3,6,4,18,50
12831,S4,SL,72,6,3,6,4,18,50
12831,S5,SL,72,6,3,6,4,18,50
12831,B1,S3,64,6,3,6,4,18,50
12831,B2,S3,64,6,3,6,4,18,50
12831,A1,S2,48,6,3,6,4,18,50
12831,GN2,GN,100,6,3,6,4,18,50
12360,GN1,GN,100,6,3,6,4,18,50
12360,S1,SL,72,6,3,6,4,18,50
12360,S2,SL,72,6,3,6,4,18,50
12360,S3,SL,72,6,3,6,4,18,50
12360,S4,SL,72,6,3,6,4,18,50
12360,S5,SL,72,6,3,6,4,18,50
12360,B1,S3,64,6,3,6,4,18,50
12360,B2,S3,64,6,3,6,4,18,50
12360,A1,S2,48,6,3,6,4,18,50
12360,GN2,GN,100,6,3,6,4,18,50
12877,GN1,GN,100,6,3,6,4,18,50
12877,S1,SL,72,6,3,6,4,18,50
12877,S2,SL,72,6,3,6,4,18,50
12877,S3,SL,72,6,3,6,4,18,50
12877,S4,SL,72,6,3,6,4,18,50
12877,S5,SL,72,6,3,6,4,18,50
12877,B1,S3,64,6,3,6,4,18,50
12877,B2,S3,64,6,3,6,4,18,50
12877,A1,S2,48,6,3,6,4,18,50
12877,GN2,GN,100,6,3,6,4,18,50
12518,GN1,GN,100,6,3,6,4,18,50
12518,S1,SL,72,6,3,6,4,18,50
12518,S2,SL,72,6,3,6,4,18,50
12518,S3,SL,72,6,3,6,4,18,50
12518,S4,SL,72,6,3,6,4,18,50
12518,S5,SL,72,6,3,6,4,18,50
12518,B1,S3,64,6,3,6,4,18,50
12518,B2,S3,64,6,3,6,4,18,50
12518,A1,S2,48,6,3,6,4,18,50
12518,GN2,GN,100,6,3,6,4,18,50
12201,GN1,GN,100,6,3,6,4,18,50
12201,S1,SL,72,6,3,6,4,18,50
12201,S2,SL,72,6,3,6,4,18,50
12201,S3,SL,72,6,3,6,4,18,50
12201,S4,SL,72,6,3,6,4,18,50
12201,S5,SL,72,6,3,6,4,18,50
12201,B1,S3,64,6,3,6,4,18,50
12201,B2,S3,64,6,3,6,4,18,50
12201,A1,S2,48,6,3,6,4,18,50
12201,GN2,GN,100,6,3,6,4,18,50
06502,GN1,GN,100,6,3,6,4,18,50
06502,S1,SL,72,6,3,6,4,18,50
06502,S2,SL,72,6,3,6,4,18,50
06502,S3,SL,72,6,3,6,4,18,50
06502,S4,SL,72,6,3,6,4,18,50
06502,S5,SL,72,6,3,6,4,18,50
06502,B1,S3,64,6,3,6,4,18,50
06502,B2,S3,64,6,3,6,4,18,50
06502,A1,S2,48,6,3,6,4,18,50
06502,GN2,GN,100,6,3,6,4,18,50
52277,GN1,GN,100,6,3,6,4,18,50
52277,S1,SL,72,6,3,6,4,18,50
52277,S2,SL,72,6,3,6,4,18,50
52277,S3,SL,72,6,3,6,4,18,50
52277,S4,SL,72,6,3,6,4,18,50
52277,S5,SL,72,6,3,6,4,18,50
52277,B1,S3,64,6,3,6,4,18,50
52277,B2,S3,64,6,3,6,4,18,50
52277,A1,S2,48,6,3,6,4,18,50
52277,GN2,GN,100,6,3,6,4,18,50
09622,GN1,GN,100,6,3,6,4,18,50
09622,S1,SL,72,6,3,6,4,18,50
09622,S2,SL,72,6,3,6,4,18,50
09622,S3,SL,72,6,3,6,4,18,50
09622,S4,SL,72,6,3,6,4,18,50
09622,S5,SL,72,6,3,6,4,18,50
09622,B1,S3,64,6,3,6,4,18,50
09622,B2,S3,64,6,3,6,4,18,50
09622,A1,S2,48,6,3,6,4,18,50
09622,GN2,GN,100,6,3,6,4,18,50
52257,GN1,GN,100,6,3,6,4,18,50
52257,S1,SL,72,6,3,6,4,18,50
52257,S2,SL,72,6,3,6,4,18,50
52257,S3,SL,72,6,3,6,4,18,50
52257,S4,SL,72,6,3,6,4,18,50
52257,S5,SL,72,6,3,6,4,18,50
52257,B1,S3,64,6,3,6,4,18,50
52257,B2,S3,64,6,3,6,4,18,50
52257,A1,S2,48,6,3,6,4,18,50
52257,GN2,GN,100,6,3,6,4,18,50
12544,GN1,GN,100,6,3,6,4,18,50
12544,S1,SL,72,6,3,6,4,18,50
12544,S2,SL,72,6,3,6,4,18,50
12544,S3,SL,72,6,3,6,4,18,50
12544,S4,SL,72,6,3,6,4,18,50
12544,S5,SL,72,6,3,6,4,18,50
12544,B1,S3,64,6,3,6,4,18,50
12544,B2,S3,64,6,3,6,4,18,50
12544,A1,S2,48,6,3,6,4,18,50
12544,GN2,GN,100,6,3,6,4,18,50
12205,GN1,GN,100,6,3,6,4,18,50
12205,S1,SL,72,6,3,6,4,18,50
12205,S2,SL,72,6,3,6,4,18,50
12205,S3,SL,72,6,3,6,4,18,50
12205,S4,SL,72,6,3,6,4,18,50
12205,S5,SL,72,6,3,6,4,18,50
12205,B1,S3,64,6,3,6,4,18,50
12205,B2,S3,64,6,3,6,4,18,50
12205,A1,S2,48,6,3,6,4,18,50
12205,GN2,GN,100,6,3,6,4,18,50
12124,GN1,GN,100,6,3,6,4,18,50
12124,S1,SL,72,6,3,6,4,18,50
12124,S2,SL,72,6,3,6,4,18,50
12124,S3,SL,72,6,3,6,4,18,50
12124,S4,SL,72,6,3,6,4,18,50
12124,S5,SL,72,6,3,6,4,18,50
12124,B1,S3,64,6,3,6,4,18,50
12124,B2,S3,64,6,3,6,4,18,50
12124,A1,S2,48,6,3,6,4,18,50
12124,GN2,GN,100,6,3,6,4,18,50
12717,GN1,GN,100,6,3,6,4,18,50
12717,S1,SL,72,6,3,6,4,18,50
12717,S2,SL,72,6,3,6,4,18,50
12717,S3,SL,72,6,3,6,4,18,50
12717,S4,SL,72,6,3,6,4,18,50
12717,S5,SL,72,6,3,6,4,18,50
12717,B1,S3,64,6,3,6,4,18,50
12717,B2,S3,64,6,3,6,4,18,50
12717,A1,S2,48,6,3,6,4,18,50
12717,GN2,GN,100,6,3,6,4,18,50
12459,GN1,GN,100,6,3,6,4,18,50
12459,S1,SL,72,6,3,6,4,18,50
12459,S2,SL,72,6,3,6,4,18,50
12459,S3,SL,72,6,3,6,4,18,50
12459,S4,SL,72,6,3,6,4,18,50
12459,S5,SL,72,6,3,6,4,18,50
12459,B1,S3,64,6,3,6,4,18,50
12459,B2,S3,64,6,3,6,4,18,50
12459,A1,S2,48,6,3,6,4,18,50
12459,GN2,GN,100,6,3,6,4,18,50
12610,GN1,GN,100,6,3,6,4,18,50
12610,S1,SL,72,6,3,6,4,18,50
12610,S2,SL,72,6,3,6,4,18,50
12610,S3,SL,72,6,3,6,4,18,50
12610,S4,SL,72,6,3,6,4,18,50
12610,S5,SL,72,6,3,6,4,18,50
12610,B1,S3,64,6,3,6,4,18,50
12610,B2,S3,64,6,3,6,4,18,50
12610,A1,S2,48,6,3,6,4,18,50
12610,GN2,GN,100,6,3,6,4,18,50
12234,GN1,GN,100,6,3,6,4,18,50
12234,S1,SL,72,6,3,6,4,18,50
12234,S2,SL,72,6,3,6,4,18,50
12234,S3,SL,72,6,3,6,4,18,50
12234,S4,SL,72,6,3,6,4,18,50
12234,S5,SL,72,6,3,6,4,18,50
12234,B1,S3,64,6,3,6,4,18,50
12234,B2,S3,64,6,3,6,4,18,50
12234,A1,S2,48,6,3,6,4,18,50
12234,GN2,GN,100,6,3,6,4,18,50
12680,GN1,GN,100,6,3,6,4,18,50
12680,S1,SL,72,6,3,6,4,18,50
12680,S2,SL,72,6,3,6,4,18,50
12680,S3,SL,72,6,3,6,4,18,50
12680,S4,SL,72,6,3,6,4,18,50
12680,S5,SL,72,6,3,6,4,18,50
12680,B1,S3,64,6,3,6,4,18,50
12680,B2,S3,64,6,3,6,4,18,50
12680,A1,S2,48,6,3,6,4,18,50
12680,GN2,GN,100,6,3,6,4,18,50
22607,GN1,GN,100,6,3,6,4,18,50
22607,S1,SL,72,6,3,6,4,18,50
22607,S2,SL,72,6,3,6,4,18,50
22607,S3,SL,72,6,3,6,4,18,50
22607,S4,SL,72,6,3,6,4,18,50
22607,S5,SL,72,6,3,6,4,18,50
22607,B1,S3,64,6,3,6,4,18,50
22607,B2,S3,64,6,3,6,4,18,50
22607,A1,S2,48,6,3,6,4,18,50
22607,GN2,GN,100,6,3,6,4,18,50
12692,GN1,GN,100,6,3,6,4,18,50
12692,S1,SL,72,6,3,6,4,18,50
12692,S2,SL,72,6,3,6,4,18,50
12692,S3,SL,72,6,3,6,4,18,50
12692,S4,SL,72,6,3,6,4,18,50
12692,S5,SL,72,6,3,6,4,18,50
12692,B1,S3,64,6,3,6,4,18,50
12692,B2,S3,64,6,3,6,4,18,50
12692,A1,S2,48,6,3,6,4,18,50
12692,GN2,GN,100,6,3,6,4,18,50
10215,GN1,GN,100,6,3,6,4,18,50
10215,S1,SL,72,6,3,6,4,18,50
10215,S2,SL,72,6,3,6,4,18,50
10215,S3,SL,72,6,3,6,4,18,50
10215,S4,SL,72,6,3,6,4,18,50
10215,S5,SL,72,6,3,6,4,18,50
10215,B1,S3,64,6,3,6,4,18,50
10215,B2,S3,64,6,3,6,4,18,50
10215,A1,S2,48,6,3,6,4,18,50
10215,GN2,GN,100,6,3,6,4,18,50
12661,GN1,GN,100,6,3,6,4,18,50
12661,S1,SL,72,6,3,6,4,18,50
12661,S2,SL,72,6,3,6,4,18,50
12661,S3,SL,72,6,3,6,4,18,50
12661,S4,SL,72,6,3,6,4,18,50
12661,S5,SL,72,6,3,6,4,18,50
12661,B1,S3,64,6,3,6,4,18,50
12661,B2,S3,64,6,3,6,4,18,50
12661,A1,S2,48,6,3,6,4,18,50
12661,GN2,GN,100,6,3,6,4,18,50
12693,GN1,GN,100,6,3,6,4,18,50
12693,S1,SL,72,6,3,6,4,18,50
12693,S2,SL,72,6,3,6,4,18,50
12693,S3,SL,72,6,3,6,4,18,50
12693,S4,SL,72,6,3,6,4,18,50
12693,S5,SL,72,6,3,6,4,18,50
12693,B1,S3,64,6,3,6,4,18,50
12693,B2,S3,64,6,3,6,4,18,50
12693,A1,S2,48,6,3,6,4,18,50
12693,GN2,GN,100,6,3,6,4,18,50
12427,GN1,GN,100,6,3,6,4,18,50
12427,S1,SL,72,6,3,6,4,18,50
12427,S2,SL,72,6,3,6,4,18,50
12427,S3,SL,72,6,3,6,4,18,50
12427,S4,SL,72,6,3,6,4,18,50
12427,S5,SL,72,6,3,6,4,18,50
12427,B1,S3,64,6,3,6,4,18,50
12427,B2,S3,64,6,3,6,4,18,50
12427,A1,S2,48,6,3,6,4,18,50
12427,GN2,GN,100,6,3,6,4,18,50
11124,GN1,GN,100,6,3,6,4,18,50
11124,S1,SL,72,6,3,6,4,18,50
11124,S2,SL,72,6,3,6,4,18,50
11124,S3,SL,72,6,3,6,4,18,50
11124,S4,SL,72,6,3,6,4,18,50
11124,S5,SL,72,6,3,6,4,18,50
11124,B1,S3,64,6,3,6,4,18,50
11124,B2,S3,64,6,3,6,4,18,50
11124,A1,S2,48,6,3,6,4,18,50
11124,GN2,GN,100,6,3,6,4,18,50
06010,GN1,GN,100,6,3,6,4,18,50
06010,S1,SL,72,6,3,6,4,18,50
06010,S2,SL,72,6,3,6,4,18,50
06010,S3,SL,72,6,3,6,4,18,50
06010,S4,SL,72,6,3,6,4,18,50
06010,S5,SL,72,6,3,6,4,18,50
06010,B1,S3,64,6,3,6,4,18,50
06010,B2,S3,64,6,3,6,4,18,50
06010,A1,S2,48,6,3,6,4,18,50
06010,GN2,GN,100,6,3,6,4,18,50
12557,GN1,GN,100,6,3,6,4,18,50
12557,S1,SL,72,6,3,6,4,18,50
12557,S2,SL,72,6,3,6,4,18,50
12557,S3,SL,72,6,3,6,4,18,50
12557,S4,SL,72,6,3,6,4,18,50
12557,S5,SL,72,6,3,6,4,18,50
12557,B1,S3,64,6,3,6,4,18,50
12557,B2,S3,64,6,3,6,4,18,50
12557,A1,S2,48,6,3,6,4,18,50
12557,GN2,GN,100,6,3,6,4,18,50
12161,GN1,GN,100,6,3,6,4,18,50
12161,S1,SL,72,6,3,6,4,18,50
12161,S2,SL,72,6,3,6,4,18,50
12161,S3,SL,72,6,3,6,4,18,50
12161,S4,SL,72,6,3,6,4,18,50
12161,S5,SL,72,6,3,6,4,18,50
12161,B1,S3,64,6,3,6,4,18,50
12161,B2,S3,64,6,3,6,4,18,50
12161,A1,S2,48,6,3,6,4,18,50
12161,GN2,GN,100,6,3,6,4,18,50
12103,GN1,GN,100,6,3,6,4,18,50
12103,S1,SL,72,6,3,6,4,18,50
12103,S2,SL,72,6,3,6,4,18,50
12103,S3,SL,72,6,3,6,4,18,50
12103,S4,SL,72,6,3,6,4,18,50
12103,S5,SL,72,6,3,6,4,18,50
12103,B1,S3,64,6,3,6,4,18,50
12103,B2,S3,64,6,3,6,4,18,50
12103,A1,S2,48,6,3,6,4,18,50
12103,GN2,GN,100,6,3,6,4,18,50
12959,GN1,GN,100,6,3,6,4,18,50
12959,S1,SL,72,6,3,6,4,18,50
12959,S2,SL,72,6,3,6,4,18,50
12959,S3,SL,72,6,3,6,4,18,50
12959,S4,SL,72,6,3,6,4,18,50
12959,S5,SL,72,6,3,6,4,18,50
12959,B1,S3,64,6,3,6,4,18,50
12959,B2,S3,64,6,3,6,4,18,50
12959,A1,S2,48,6,3,6,4,18,50
12959,GN2,GN,100,6,3,6,4,18,50
04728,GN1,GN,100,6,3,6,4,18,50
04728,S1,SL,72,6,3,6,4,18,50
04728,S2,SL,72,6,3,6,4,18,50
04728,S3,SL,72,6,3,6,4,18,50
04728,S4,SL,72,6,3,6,4,18,50
04728,S5,SL,72,6,3,6,4,18,50
04728,B1,S3,64,6,3,6,4,18,50
04728,B2,S3,64,6,3,6,4,18,50
04728,A1,S2,48,6,3,6,4,18,50
04728,GN2,GN,100,6,3,6,4,18,50
12912,GN1,GN,100,6,3,6,4,18,50
12912,S1,SL,72,6,3,6,4,18,50
12912,S2,SL,72,6,3,6,4,18,50
12912,S3,SL,72,6,3,6,4,18,50
12912,S4,SL,72,6,3,6,4,18,50
12912,S5,SL,72,6,3,6,4,18,50
12912,B1,S3,64,6,3,6,4,18,50
12912,B2,S3,64,6,3,6,4,18,50
12912,A1,S2,48,6,3,6,4,18,50
12912,GN2,GN,100,6,3,6,4,18,50
12323,GN1,GN,100,6,3,6,4,18,50
12323,S1,SL,72,6,3,6,4,18,50
12323,S2,SL,72,6,3,6,4,18,50
12323,S3,SL,72,6,3,6,4,18,50
12323,S4,SL,72,6,3,6,4,18,50
12323,S5,SL,72,6,3,6,4,18,50
12323,B1,S3,64,6,3,6,4,18,50
12323,B2,S3,64,6,3,6,4,18,50
12323,A1,S2,48,6,3,6,4,18,50
12323,GN2,GN,100,6,3,6,4,18,50
12473,GN1,GN,100,6,3,6,4,18,50
12473,S1,SL,72,6,3,6,4,18,50
12473,S2,SL,72,6,3,6,4,18,50
12473,S3,SL,72,6,3,6,4,18,50
12473,S4,SL,72,6,3,6,4,18,50
12473,S5,SL,72,6,3,6,4,18,50
12473,B1,S3,64,6,3,6,4,18,50
12473,B2,S3,64,6,3,6,4,18,50
12473,A1,S2,48,6,3,6,4,18,50
12473,GN2,GN,100,6,3,6,4,18,50
12149,GN1,GN,100,6,3,6,4,18,50
12149,S1,SL,72,6,3,6,4,18,50
12149,S2,SL,72,6,3,6,4,18,50
12149,S3,SL,72,6,3,6,4,18,50
12149,S4,SL,72,6,3,6,4,18,50
12149,S5,SL,72,6,3,6,4,18,50
12149,B1,S3,64,6,3,6,4,18,50
12149,B2,S3,64,6,3,6,4,18,50
12149,A1,S2,48,6,3,6,4,18,50
12149,GN2,GN,100,6,3,6,4,18,50
12146,GN1,GN,100,6,3,6,4,18,50
12146,S1,SL,72,6,3,6,4,18,50
12146,S2,SL,72,6,3,6,4,18,50
12146,S3,SL,72,6,3,6,4,18,50
12146,S4,SL,72,6,3,6,4,18,50
12146,S5,SL,72,6,3,6,4,18,50
12146,B1,S3,64,6,3,6,4,18,50
12146,B2,S3,64,6,3,6,4,18,50
12146,A1,S2,48,6,3,6,4,18,50
12146,GN2,GN,100,6,3,6,4,18,50
12722-Slip,GN1,GN,100,6,3,6,4,18,50
12722-Slip,S1,SL,72,6,3,6,4,18,50
12722-Slip,S2,SL,72,6,3,6,4,18,50
12722-Slip,S3,SL,72,6,3,6,4,18,50
12722-Slip,S4,SL,72,6,3,6,4,18,50
12722-Slip,S5,SL,72,6,3,6,4,18,50
12722-Slip,B1,S3,64,6,3,6,4,18,50
12722-Slip,B2,S3,64,6,3,6,4,18,50
12722-Slip,A1,S2,48,6,3,6,4,18,50
12722-Slip,GN2,GN,100,6,3,6,4,18,50
12138,GN1,GN,100,6,3,6,4,18,50
12138,S1,SL,72,6,3,6,4,18,50
12138,S2,SL,72,6,3,6,4,18,50
12138,S3,SL,72,6,3,6,4,18,50
12138,S4,SL,72,6,3,6,4,18,50
12138,S5,SL,72,6,3,6,4,18,50
12138,B1,S3,64,6,3,6,4,18,50
12138,B2,S3,64,6,3,6,4,18,50
12138,A1,S2,48,6,3,6,4,18,50
12138,GN2,GN,100,6,3,6,4,18,50
12476,GN1,GN,100,6,3,6,4,18,50
12476,S1,SL,72,6,3,6,4,18,50
12476,S2,SL,72,6,3,6,4,18,50
12476,S3,SL,72,6,3,6,4,18,50
12476,S4,SL,72,6,3,6,4,18,50
12476,S5,SL,72,6,3,6,4,18,50
12476,B1,S3,64,6,3,6,4,18,50
12476,B2,S3,64,6,3,6,4,18,50
12476,A1,S2,48,6,3,6,4,18,50
12476,GN2,GN,100,6,3,6,4,18,50
12942,GN1,GN,100,6,3,6,4,18,50
12942,S1,SL,72,6,3,6,4,18,50
12942,S2,SL,72,6,3,6,4,18,50
12942,S3,SL,72,6,3,6,4,18,50
12942,S4,SL,72,6,3,6,4,18,50
12942,S5,SL,72,6,3,6,4,18,50
12942,B1,S3,64,6,3,6,4,18,50
12942,B2,S3,64,6,3,6,4,18,50
12942,A1,S2,48,6,3,6,4,18,50
12942,GN2,GN,100,6,3,6,4,18,50
12130,GN1,GN,100,6,3,6,4,18,50
12130,S1,SL,72,6,3,6,4,18,50
12130,S2,SL,72,6,3,6,4,18,50
12130,S3,SL,72,6,3,6,4,18,50
12130,S4,SL,72,6,3,6,4,18,50
12130,S5,SL,72,6,3,6,4,18,50
12130,B1,S3,64,6,3,6,4,18,50
12130,B2,S3,64,6,3,6,4,18,50
12130,A1,S2,48,6,3,6,4,18,50
12130,GN2,GN,100,6,3,6,4,18,50
13005,GN1,GN,100,6,3,6,4,18,50
13005,S1,SL,72,6,3,6,4,18,50
13005,S2,SL,72,6,3,6,4,18,50
13005,S3,SL,72,6,3,6,4,18,50
13005,S4,SL,72,6,3,6,4,18,50
13005,S5,SL,72,6,3,6,4,18,50
13005,B1,S3,64,6,3,6,4,18,50
13005,B2,S3,64,6,3,6,4,18,50
13005,A1,S2,48,6,3,6,4,18,50
13005,GN2,GN,100,6,3,6,4,18,50
12336,GN1,GN,100,6,3,6,4,18,50
12336,S1,SL,72,6,3,6,4,18,50
12336,S2,SL,72,6,3,6,4,18,50
12336,S3,SL,72,6,3,6,4,18,50
12336,S4,SL,72,6,3,6,4,18,50
12336,S5,SL,72,6,3,6,4,18,50
12336,B1,S3,64,6,3,6,4,18,50
12336,B2,S3,64,6,3,6,4,18,50
12336,A1,S2,48,6,3,6,4,18,50
12336,GN2,GN,100,6,3,6,4,18,50
12358,GN1,GN,100,6,3,6,4,18,50
12358,S1,SL,72,6,3,6,4,18,50
12358,S2,SL,72,6,3,6,4,18,50
12358,S3,SL,72,6,3,6,4,18,50
12358,S4,SL,72,6,3,6,4,18,50
12358,S5,SL,72,6,3,6,4,18,50
12358,B1,S3,64,6,3,6,4,18,50
12358,B2,S3,64,6,3,6,4,18,50
12358,A1,S2,48,6,3,6,4,18,50
12358,GN2,GN,100,6,3,6,4,18,50
12788,GN1,GN,100,6,3,6,4,18,50
12788,S1,SL,72,6,3,6,4,18,50
12788,S2,SL,72,6,3,6,4,18,50
12788,S3,SL,72,6,3,6,4,18,50
12788,S4,SL,72,6,3,6,4,18,50
12788,S5,SL,72,6,3,6,4,18,50
12788,B1,S3,64,6,3,6,4,18,50
12788,B2,S3,64,6,3,6,4,18,50
12788,A1,S2,48,6,3,6,4,18,50
12788,GN2,GN,100,6,3,6,4,18,50
12905,GN1,GN,100,6,3,6,4,18,50
12905,S1,SL,72,6,3,6,4,18,50
12905,S2,SL,72,6,3,6,4,18,50
12905,S3,SL,72,6,3,6,4,18,50
12905,S4,SL,72,6,3,6,4,18,50
12905,S5,SL,72,6,3,6,4,18,50
12905,B1,S3,64,6,3,6,4,18,50
12905,B2,S3,64,6,3,6,4,18,50
12905,A1,S2,48,6,3,6,4,18,50
12905,GN2,GN,100,6,3,6,4,18,50
12254,GN1,GN,100,6,3,6,4,18,50
12254,S1,SL,72,6,3,6,4,18,50
12254,S2,SL,72,6,3,6,4,18,50
12254,S3,SL,72,6,3,6,4,18,50
12254,S4,SL,72,6,3,6,4,18,50
12254,S5,SL,72,6,3,6,4,18,50
12254,B1,S3,64,6,3,6,4,18,50
12254,B2,S3,64,6,3,6,4,18,50
12254,A1,S2,48,6,3,6,4,18,50
12254,GN2,GN,100,6,3,6,4,18,50
43551,GN1,GN,100,6,3,6,4,18,50
43551,S1,SL,72,6,3,6,4,18,50
43551,S2,SL,72,6,3,6,4,18,50
43551,S3,SL,72,6,3,6,4,18,50
43551,S4,SL,72,6,3,6,4,18,50
43551,S5,SL,72,6,3,6,4,18,50
43551,B1,S3,64,6,3,6,4,18,50
43551,B2,S3,64,6,3,6,4,18,50
43551,A1,S2,48,6,3,6,4,18,50
43551,GN2,GN,100,6,3,6,4,18,50
54388,GN1,GN,100,6,3,6,4,18,50
54388,S1,SL,72,6,3,6,4,18,50
54388,S2,SL,72,6,3,6,4,18,50
54388,S3,SL,72,6,3,6,4,18,50
54388,S4,SL,72,6,3,6,4,18,50
54388,S5,SL,72,6,3,6,4,18,50
54388,B1,S3,64,6,3,6,4,18,50
54388,B2,S3,64,6,3,6,4,18,50
54388,A1,S2,48,6,3,6,4,18,50
54388,GN2,GN,100,6,3,6,4,18,50
52540,GN1,GN,100,6,3,6,4,18,50
52540,S1,SL,72,6,3,6,4,18,50
52540,S2,SL,72,6,3,6,4,18,50
52540,S3,SL,72,6,3,6,4,18,50
52540,S4,SL,72,6,3,6,4,18,50
52540,S5,SL,72,6,3,6,4,18,50
52540,B1,S3,64,6,3,6,4,18,50
52540,B2,S3,64,6,3,6,4,18,50
52540,A1,S2,48,6,3,6,4,18,50
52540,GN2,GN,100,6,3,6,4,18,50
56511,GN1,GN,100,6,3,6,4,18,50
56511,S1,SL,72,6,3,6,4,18,50
56511,S2,SL,72,6,3,6,4,18,50
56511,S3,SL,72,6,3,6,4,18,50
56511,S4,SL,72,6,3,6,4,18,50
56511,S5,SL,72,6,3,6,4,18,50
56511,B1,S3,64,6,3,6,4,18,50
56511,B2,S3,64,6,3,6,4,18,50
56511,A1,S2,48,6,3,6,4,18,50
56511,GN2,GN,100,6,3,6,4,18,50
56137,GN1,GN,100,6,3,6,4,18,50
56137,S1,SL,72,6,3,6,4,18,50
56137,S2,SL,72,6,3,6,4,18,50
56137,S3,SL,72,6,3,6,4,18,50
56137,S4,SL,72,6,3,6,4,18,50
56137,S5,SL,72,6,3,6,4,18,50
56137,B1,S3,64,6,3,6,4,18,50
56137,B2,S3,64,6,3,6,4,18,50
56137,A1,S2,48,6,3,6,4,18,50
56137,GN2,GN,100,6,3,6,4,18,50
52184,GN1,GN,100,6,3,6,4,18,50
52184,S1,SL,72,6,3,6,4,18,50
52184,S2,SL,72,6,3,6,4,18,50
52184,S3,SL,72,6,3,6,4,18,50
52184,S4,SL,72,6,3,6,4,18,50
52184,S5,SL,72,6,3,6,4,18,50
52184,B1,S3,64,6,3,6,4,18,50
52184,B2,S3,64,6,3,6,4,18,50
52184,A1,S2,48,6,3,6,4,18,50
52184,GN2,GN,100,6,3,6,4,18,50
56709,GN1,GN,100,6,3,6,4,18,50
56709,S1,SL,72,6,3,6,4,18,50
56709,S2,SL,72,6,3,6,4,18,50
56709,S3,SL,72,6,3,6,4,18,50
56709,S4,SL,72,6,3,6,4,18,50
56709,S5,SL,72,6,3,6,4,18,50
56709,B1,S3,64,6,3,6,4,18,50
56709,B2,S3,64,6,3,6,4,18,50
56709,A1,S2,48,6,3,6,4,18,50
56709,GN2,GN,100,6,3,6,4,18,50
52950,GN1,GN,100,6,3,6,4,18,50
52950,S1,SL,72,6,3,6,4,18,50
52950,S2,SL,72,6,3,6,4,18,50
52950,S3,SL,72,6,3,6,4,18,50
52950,S4,SL,72,6,3,6,4,18,50
52950,S5,SL,72,6,3,6,4,18,50
52950,B1,S3,64,6,3,6,4,18,50
52950,B2,S3,64,6,3,6,4,18,50
52950,A1,S2,48,6,3,6,4,18,50
52950,GN2,GN,100,6,3,6,4,18,50
53138,GN1,GN,100,6,3,6,4,18,50
53138,S1,SL,72,6,3,6,4,18,50
53138,S2,SL,72,6,3,6,4,18,50
53138,S3,SL,72,6,3,6,4,18,50
53138,S4,SL,72,6,3,6,4,18,50
53138,S5,SL,72,6,3,6,4,18,50
53138,B1,S3,64,6,3,6,4,18,50
53138,B2,S3,64,6,3,6,4,18,50
53138,A1,S2,48,6,3,6,4,18,50
53138,GN2,GN,100,6,3,6,4,18,50
51607,GN1,GN,100,6,3,6,4,18,50
51607,S1,SL,72,6,3,6,4,18,50
51607,S2,SL,72,6,3,6,4,18,50
51607,S3,SL,72,6,3,6,4,18,50
51607,S4,SL,72,6,3,6,4,18,50
51607,S5,SL,72,6,3,6,4,18,50
51607,B1,S3,64,6,3,6,4,18,50
51607,B2,S3,64,6,3,6,4,18,50
51607,A1,S2,48,6,3,6,4,18,50
51607,GN2,GN,100,6,3,6,4,18,50
63523,GN1,GN,100,6,3,6,4,18,50
63523,S1,SL,72,6,3,6,4,18,50
63523,S2,SL,72,6,3,6,4,18,50
63523,S3,SL,72,6,3,6,4,18,50
63523,S4,SL,72,6,3,6,4,18,50
63523,S5,SL,72,6,3,6,4,18,50
63523,B1,S3,64,6,3,6,4,18,50
63523,B2,S3,64,6,3,6,4,18,50
63523,A1,S2,48,6,3,6,4,18,50
63523,GN2,GN,100,6,3,6,4,18,50
41095,GN1,GN,100,6,3,6,4,18,50
41095,S1,SL,72,6,3,6,4,18,50
41095,S2,SL,72,6,3,6,4,18,50
41095,S3,SL,72,6,3,6,4,18,50
41095,S4,SL,72,6,3,6,4,18,50
41095,S5,SL,72,6,3,6,4,18,50
41095,B1,S3,64,6,3,6,4,18,50
41095,B2,S3,64,6,3,6,4,18,50
41095,A1,S2,48,6,3,6,4,18,50
41095,GN2,GN,100,6,3,6,4,18,50
51885,GN1,GN,100,6,3,6,4,18,50
51885,S1,SL,72,6,3,6,4,18,50
51885,S2,SL,72,6,3,6,4,18,50
51885,S3,SL,72,6,3,6,4,18,50
51885,S4,SL,72,6,3,6,4,18,50
51885,S5,SL,72,6,3,6,4,18,50
51885,B1,S3,64,6,3,6,4,18,50
51885,B2,S3,64,6,3,6,4,18,50
51885,A1,S2,48,6,3,6,4,18,50
51885,GN2,GN,100,6,3,6,4,18,50
54421,GN1,GN,100,6,3,6,4,18,50
54421,S1,SL,72,6,3,6,4,18,50
54421,S2,SL,72,6,3,6,4,18,50
54421,S3,SL,72,6,3,6,4,18,50
54421,S4,SL,72,6,3,6,4,18,50
54421,S5,SL,72,6,3,6,4,18,50
54421,B1,S3,64,6,3,6,4,18,50
54421,B2,S3,64,6,3,6,4,18,50
54421,A1,S2,48,6,3,6,4,18,50
54421,GN2,GN,100,6,3,6,4,18,50
52963,GN1,GN,100,6,3,6,4,18,50
52963,S1,SL,72,6,3,6,4,18,50
52963,S2,SL,72,6,3,6,4,18,50
52963,S3,SL,72,6,3,6,4,18,50
52963,S4,SL,72,6,3,6,4,18,50
52963,S5,SL,72,6,3,6,4,18,50
52963,B1,S3,64,6,3,6,4,18,50
52963,B2,S3,64,6,3,6,4,18,50
52963,A1,S2,48,6,3,6,4,18,50
52963,GN2,GN,100,6,3,6,4,18,50
52943,GN1,GN,100,6,3,6,4,18,50
52943,S1,SL,72,6,3,6,4,18,50
52943,S2,SL,72,6,3,6,4,18,50
52943,S3,SL,72,6,3,6,4,18,50
52943,S4,SL,72,6,3,6,4,18,50
52943,S5,SL,72,6,3,6,4,18,50
52943,B1,S3,64,6,3,6,4,18,50
52943,B2,S3,64,6,3,6,4,18,50
52943,A1,S2,48,6,3,6,4,18,50
52943,GN2,GN,100,6,3,6,4,18,50
55203,GN1,GN,100,6,3,6,4,18,50
55203,S1,SL,72,6,3,6,4,18,50
55203,S2,SL,72,6,3,6,4,18,50
55203,S3,SL,72,6,3,6,4,18,50
55203,S4,SL,72,6,3,6,4,18,50
55203,S5,SL,72,6,3,6,4,18,50
55203,B1,S3,64,6,3,6,4,18,50
55203,B2,S3,64,6,3,6,4,18,50
55203,A1,S2,48,6,3,6,4,18,50
55203,GN2,GN,100,6,3,6,4,18,50
13409,GN1,GN,100,6,3,6,4,18,50
13409,S1,SL,72,6,3,6,4,18,50
13409,S2,SL,72,6,3,6,4,18,50
13409,S3,SL,72,6,3,6,4,18,50
13409,S4,SL,72,6,3,6,4,18,50
13409,S5,SL,72,6,3,6,4,18,50
13409,B1,S3,64,6,3,6,4,18,50
13409,B2,S3,64,6,3,6,4,18,50
13409,A1,S2,48,6,3,6,4,18,50
13409,GN2,GN,100,6,3,6,4,18,50
14810,GN1,GN,100,6,3,6,4,18,50
14810,S1,SL,72,6,3,6,4,18,50
14810,S2,SL,72,6,3,6,4,18,50
14810,S3,SL,72,6,3,6,4,18,50
14810,S4,SL,72,6,3,6,4,18,50
14810,S5,SL,72,6,3,6,4,18,50
14810,B1,S3,64,6,3,6,4,18,50
14810,B2,S3,64,6,3,6,4,18,50
14810,A1,S2,48,6,3,6,4,18,50
14810,GN2,GN,100,6,3,6,4,18,50
51825,GN1,GN,100,6,3,6,4,18,50
51825,S1,SL,72,6,3,6,4,18,50
51825,S2,SL,72,6,3,6,4,18,50
51825,S3,SL,72,6,3,6,4,18,50
51825,S4,SL,72,6,3,6,4,18,50
51825,S5,SL,72,6,3,6,4,18,50
51825,B1,S3,64,6,3,6,4,18,50
51825,B2,S3,64,6,3,6,4,18,50
51825,A1,S2,48,6,3,6,4,18,50
51825,GN2,GN,100,6,3,6,4,18,50
59272,GN1,GN,100,6,3,6,4,18,50
59272,S1,SL,72,6,3,6,4,18,50
59272,S2,SL,72,6,3,6,4,18,50
59272,S3,SL,72,6,3,6,4,18,50
59272,S4,SL,72,6,3,6,4,18,50
59272,S5,SL,72,6,3,6,4,18,50
59272,B1,S3,64,6,3,6,4,18,50
59272,B2,S3,64,6,3,6,4,18,50
59272,A1,S2,48,6,3,6,4,18,50
59272,GN2,GN,100,6,3,6,4,18,50
51883,GN1,GN,100,6,3,6,4,18,50
51883,S1,SL,72,6,3,6,4,18,50
51883,S2,SL,72,6,3,6,4,18,50
51883,S3,SL,72,6,3,6,4,18,50
51883,S4,SL,72,6,3,6,4,18,50
51883,S5,SL,72,6,3,6,4,18,50
51883,B1,S3,64,6,3,6,4,18,50
51883,B2,S3,64,6,3,6,4,18,50
51883,A1,S2,48,6,3,6,4,18,50
51883,GN2,GN,100,6,3,6,4,18,50
58425,GN1,GN,100,6,3,6,4,18,50
58425,S1,SL,72,6,3,6,4,18,50
58425,S2,SL,72,6,3,6,4,18,50
58425,S3,SL,72,6,3,6,4,18,50
58425,S4,SL,72,6,3,6,4,18,50
58425,S5,SL,72,6,3,6,4,18,50
58425,B1,S3,64,6,3,6,4,18,50
58425,B2,S3,64,6,3,6,4,18,50
58425,A1,S2,48,6,3,6,4,18,50
58425,GN2,GN,100,6,3,6,4,18,50
55794,GN1,GN,100,6,3,6,4,18,50
55794,S1,SL,72,6,3,6,4,18,50
55794,S2,SL,72,6,3,6,4,18,50
55794,S3,SL,72,6,3,6,4,18,50
55794,S4,SL,72,6,3,6,4,18,50
55794,S5,SL,72,6,3,6,4,18,50
55794,B1,S3,64,6,3,6,4,18,50
55794,B2,S3,64,6,3,6,4,18,50
55794,A1,S2,48,6,3,6,4,18,50
55794,GN2,GN,100,6,3,6,4,18,50
12118,GN1,GN,100,6,3,6,4,18,50
12118,S1,SL,72,6,3,6,4,18,50
12118,S2,SL,72,6,3,6,4,18,50
12118,S3,SL,72,6,3,6,4,18,50
12118,S4,SL,72,6,3,6,4,18,50
12118,S5,SL,72,6,3,6,4,18,50
12118,B1,S3,64,6,3,6,4,18,50
12118,B2,S3,64,6,3,6,4,18,50
12118,A1,S2,48,6,3,6,4,18,50
12118,GN2,GN,100,6,3,6,4,18,50
57652,GN1,GN,100,6,3,6,4,18,50
57652,S1,SL,72,6,3,6,4,18,50
57652,S2,SL,72,6,3,6,4,18,50
57652,S3,SL,72,6,3,6,4,18,50
57652,S4,SL,72,6,3,6,4,18,50
57652,S5,SL,72,6,3,6,4,18,50
57652,B1,S3,64,6,3,6,4,18,50
57652,B2,S3,64,6,3,6,4,18,50
57652,A1,S2,48,6,3,6,4,18,50
57652,GN2,GN,100,6,3,6,4,18,50
56650,GN1,GN,100,6,3,6,4,18,50
56650,S1,SL,72,6,3,6,4,18,50
56650,S2,SL,72,6,3,6,4,18,50
56650,S3,SL,72,6,3,6,4,18,50
56650,S4,SL,72,6,3,6,4,18,50
56650,S5,SL,72,6,3,6,4,18,50
56650,B1,S3,64,6,3,6,4,18,50
56650,B2,S3,64,6,3,6,4,18,50
56650,A1,S2,48,6,3,6,4,18,50
56650,GN2,GN,100,6,3,6,4,18,50
15770,GN1,GN,100,6,3,6,4,18,50
15770,S1,SL,72,6,3,6,4,18,50
15770,S2,SL,72,6,3,6,4,18,50
15770,S3,SL,72,6,3,6,4,18,50
15770,S4,SL,72,6,3,6,4,18,50
15770,S5,SL,72,6,3,6,4,18,50
15770,B1,S3,64,6,3,6,4,18,50
15770,B2,S3,64,6,3,6,4,18,50
15770,A1,S2,48,6,3,6,4,18,50
15770,GN2,GN,100,6,3,6,4,18,50
23112,GN1,GN,100,6,3,6,4,18,50
23112,S1,SL,72,6,3,6,4,18,50
23112,S2,SL,72,6,3,6,4,18,50
23112,S3,SL,72,6,3,6,4,18,50
23112,S4,SL,72,6,3,6,4,18,50
23112,S5,SL,72,6,3,6,4,18,50
23112,B1,S3,64,6,3,6,4,18,50
23112,B2,S3,64,6,3,6,4,18,50
23112,A1,S2,48,6,3,6,4,18,50
23112,GN2,GN,100,6,3,6,4,18,50
13011,GN1,GN,100,6,3,6,4,18,50
13011,S1,SL,72,6,3,6,4,18,50
13011,S2,SL,72,6,3,6,4,18,50
13011,S3,SL,72,6,3,6,4,18,50
13011,S4,SL,72,6,3,6,4,18,50
13011,S5,SL,72,6,3,6,4,18,50
13011,B1,S3,64,6,3,6,4,18,50
13011,B2,S3,64,6,3,6,4,18,50
13011,A1,S2,48,6,3,6,4,18,50
13011,GN2,GN,100,6,3,6,4,18,50
03284,GN1,GN,100,6,3,6,4,18,50
03284,S1,SL,72,6,3,6,4,18,50
03284,S2,SL,72,6,3,6,4,18,50
03284,S3,SL,72,6,3,6,4,18,50
03284,S4,SL,72,6,3,6,4,18,50
03284,S5,SL,72,6,3,6,4,18,50
03284,B1,S3,64,6,3,6,4,18,50
03284,B2,S3,64,6,3,6,4,18,50
03284,A1,S2,48,6,3,6,4,18,50
03284,GN2,GN,100,6,3,6,4,18,50
06618,GN1,GN,100,6,3,6,4,18,50
06618,S1,SL,72,6,3,6,4,18,50
06618,S2,SL,72,6,3,6,4,18,50
06618,S3,SL,72,6,3,6,4,18,50
06618,S4,SL,72,6,3,6,4,18,50
06618,S5,SL,72,6,3,6,4,18,50
06618,B1,S3,64,6,3,6,4,18,50
06618,B2,S3,64,6,3,6,4,18,50
06618,A1,S2,48,6,3,6,4,18,50
06618,GN2,GN,100,6,3,6,4,18,50
14370-Slip,GN1,GN,100,6,3,6,4,18,50
14370-Slip,S1,SL,72,6,3,6,4,18,50
14370-Slip,S2,SL,72,6,3,6,4,18,50
14370-Slip,S3,SL,72,6,3,6,4,18,50
14370-Slip,S4,SL,72,6,3,6,4,18,50
14370-Slip,S5,SL,72,6,3,6,4,18,50
14370-Slip,B1,S3,64,6,3,6,4,18,50
14370-Slip,B2,S3,64,6,3,6,4,18,50
14370-Slip,A1,S2,48,6,3,6,4,18,50
14370-Slip,GN2,GN,100,6,3,6,4,18,50
16649,GN1,GN,100,6,3,6,4,18,50
16649,S1,SL,72,6,3,6,4,18,50
16649,S2,SL,72,6,3,6,4,18,50
16649,S3,SL,72,6,3,6,4,18,50
16649,S4,SL,72,6,3,6,4,18,50
16649,S5,SL,72,6,3,6,4,18,50
16649,B1,S3,64,6,3,6,4,18,50
16649,B2,S3,64,6,3,6,4,18,50
16649,A1,S2,48,6,3,6,4,18,50
16649,GN2,GN,100,6,3,6,4,18,50
13142,GN1,GN,100,6,3,6,4,18,50
13142,S1,SL,72,6,3,6,4,18,50
13142,S2,SL,72,6,3,6,4,18,50
13142,S3,SL,72,6,3,6,4,18,50
13142,S4,SL,72,6,3,6,4,18,50
13142,S5,SL,72,6,3,6,4,18,50
13142,B1,S3,64,6,3,6,4,18,50
13142,B2,S3,64,6,3,6,4,18,50
13142,A1,S2,48,6,3,6,4,18,50
13142,GN2,GN,100,6,3,6,4,18,50
12406,GN1,GN,100,6,3,6,4,18,50
12406,S1,SL,72,6,3,6,4,18,50
12406,S2,SL,72,6,3,6,4,18,50
12406,S3,SL,72,6,3,6,4,18,50
12406,S4,SL,72,6,3,6,4,18,50
12406,S5,SL,72,6,3,6,4,18,50
12406,B1,S3,64,6,3,6,4,18,50
12406,B2,S3,64,6,3,6,4,18,50
12406,A1,S2,48,6,3,6,4,18,50
12406,GN2,GN,100,6,3,6,4,18,50
22132,GN1,GN,100,6,3,6,4,18,50
22132,S1,SL,72,6,3,6,4,18,50
22132,S2,SL,72,6,3,6,4,18,50
22132,S3,SL,72,6,3,6,4,18,50
22132,S4,SL,72,6,3,6,4,18,50
22132,S5,SL,72,6,3,6,4,18,50
22132,B1,S3,64,6,3,6,4,18,50
22132,B2,S3,64,6,3,6,4,18,50
22132,A1,S2,48,6,3,6,4,18,50
22132,GN2,GN,100,6,3,6,4,18,50
13010,GN1,GN,100,6,3,6,4,18,50
13010,S1,SL,72,6,3,6,4,18,50
13010,S2,SL,72,6,3,6,4,18,50
13010,S3,SL,72,6,3,6,4,18,50
13010,S4,SL,72,6,3,6,4,18,50
13010,S5,SL,72,6,3,6,4,18,50
13010,B1,S3,64,6,3,6,4,18,50
13010,B2,S3,64,6,3,6,4,18,50
13010,A1,S2,48,6,3,6,4,18,50
13010,GN2,GN,100,6,3,6,4,18,50
15716,GN1,GN,100,6,3,6,4,18,50
15716,S1,SL,72,6,3,6,4,18,50
15716,S2,SL,72,6,3,6,4,18,50
15716,S3,SL,72,6,3,6,4,18,50
15716,S4,SL,72,6,3,6,4,18,50
15716,S5,SL,72,6,3,6,4,18,50
15716,B1,S3,64,6,3,6,4,18,50
15716,B2,S3,64,6,3,6,4,18,50
15716,A1,S2,48,6,3,6,4,18,50
15716,GN2,GN,100,6,3,6,4,18,50
12645,GN1,GN,100,6,3,6,4,18,50
12645,S1,SL,72,6,3,6,4,18,50
12645,S2,SL,72,6,3,6,4,18,50
12645,S3,SL,72,6,3,6,4,18,50
12645,S4,SL,72,6,3,6,4,18,50
12645,S5,SL,72,6,3,6,4,18,50
12645,B1,S3,64,6,3,6,4,18,50
12645,B2,S3,64,6,3,6,4,18,50
12645,A1,S2,48,6,3,6,4,18,50
12645,GN2,GN,100,6,3,6,4,18,50
04601,GN1,GN,100,6,3,6,4,18,50
04601,S1,SL,72,6,3,6,4,18,50
04601,S2,SL,72,6,3,6,4,18,50
04601,S3,SL,72,6,3,6,4,18,50
04601,S4,SL,72,6,3,6,4,18,50
04601,S5,SL,72,6,3,6,4,18,50
04601,B1,S3,64,6,3,6,4,18,50
04601,B2,S3,64,6,3,6,4,18,50
04601,A1,S2,48,6,3,6,4,18,50
04601,GN2,GN,100,6,3,6,4,18,50
04602,GN1,GN,100,6,3,6,4,18,50
04602,S1,SL,72,6,3,6,4,18,50
04602,S2,SL,72,6,3,6,4,18,50
04602,S3,SL,72,6,3,6,4,18,50
04602,S4,SL,72,6,3,6,4,18,50
04602,S5,SL,72,6,3,6,4,18,50
04602,B1,S3,64,6,3,6,4,18,50
04602,B2,S3,64,6,3,6,4,18,50
04602,A1,S2,48,6,3,6,4,18,50
04602,GN2,GN,100,6,3,6,4,18,50
04603,GN1,GN,100,6,3,6,4,18,50
04603,S1,SL,72,6,3,6,4,18,50
04603,S2,SL,72,6,3,6,4,18,50
04603,S3,SL,72,6,3,6,4,18,50
04603,S4,SL,72,6,3,6,4,18,50
04603,S5,SL,72,6,3,6,4,18,50
04603,B1,S3,64,6,3,6,4,18,50
04603,B2,S3,64,6,3,6,4,18,50
04603,A1,S2,48,6,3,6,4,18,50
04603,GN2,GN,100,6,3,6,4,18,50
04604,GN1,GN,100,6,3,6,4,18,50
04604,S1,SL,72,6,3,6,4,18,50
04604,S2,SL,72,6,3,6,4,18,50
04604,S3,SL,72,6,3,6,4,18,50
04604,S4,SL,72,6,3,6,4,18,50
04604,S5,SL,72,6,3,6,4,18,50
04604,B1,S3,64,6,3,6,4,18,50
04604,B2,S3,64,6,3,6,4,18,50
04604,A1,S2,48,6,3,6,4,18,50
04604,GN2,GN,100,6,3,6,4,18,50
04741,GN1,GN,100,6,3,6,4,18,50
04741,S1,SL,72,6,3,6,4,18,50
04741,S2,SL,72,6,3,6,4,18,50
04741,S3,SL,72,6,3,6,4,18,50
04741,S4,SL,72,6,3,6,4,18,50
04741,S5,SL,72,6,3,6,4,18,50
04741,B1,S3,64,6,3,6,4,18,50
04741,B2,S3,64,6,3,6,4,18,50
04741,A1,S2,48,6,3,6,4,18,50
04741,GN2,GN,100,6,3,6,4,18,50
04742,GN1,GN,100,6,3,6,4,18,50
04742,S1,SL,72,6,3,6,4,18,50
04742,S2,SL,72,6,3,6,4,18,50
04742,S3,SL,72,6,3,6,4,18,50
04742,S4,SL,72,6,3,6,4,18,50
04742,S5,SL,72,6,3,6,4,18,50
04742,B1,S3,64,6,3,6,4,18,50
04742,B2,S3,64,6,3,6,4,18,50
04742,A1,S2,48,6,3,6,4,18,50
04742,GN2,GN,100,6,3,6,4,18,50
04853,GN1,GN,100,6,3,6,4,18,50
04853,S1,SL,72,6,3,6,4,18,50
04853,S2,SL,72,6,3,6,4,18,50
04853,S3,SL,72,6,3,6,4,18,50
04853,S4,SL,72,6,3,6,4,18,50
04853,S5,SL,72,6,3,6,4,18,50
04853,B1,S3,64,6,3,6,4,18,50
04853,B2,S3,64,6,3,6,4,18,50
04853,A1,S2,48,6,3,6,4,18,50
04853,GN2,GN,100,6,3,6,4,18,50
04854,GN1,GN,100,6,3,6,4,18,50
04854,S1,SL,72,6,3,6,4,18,50
04854,S2,SL,72,6,3,6,4,18,50
04854,S3,SL,72,6,3,6,4,18,50
04854,S4,SL,72,6,3,6,4,18,50
04854,S5,SL,72,6,3,6,4,18,50
04854,B1,S3,64,6,3,6,4,18,50
04854,B2,S3,64,6,3,6,4,18,50
04854,A1,S2,48,6,3,6,4,18,50
04854,GN2,GN,100,6,3,6,4,18,50
09022,GN1,GN,100,6,3,6,4,18,50
09022,S1,SL,72,6,3,6,4,18,50
09022,S2,SL,72,6,3,6,4,18,50
09022,S3,SL,72,6,3,6,4,18,50
09022,S4,SL,72,6,3,6,4,18,50
09022,S5,SL,72,6,3,6,4,18,50
09022,B1,S3,64,6,3,6,4,18,50
09022,B2,S3,64,6,3,6,4,18,50
09022,A1,S2,48,6,3,6,4,18,50
09022,GN2,GN,100,6,3,6,4,18,50
11017,GN1,GN,100,6,3,6,4,18,50
11017,S1,SL,72,6,3,6,4,18,50
11017,S2,SL,72,6,3,6,4,18,50
11017,S3,SL,72,6,3,6,4,18,50
11017,S4,SL,72,6,3,6,4,18,50
11017,S5,SL,72,6,3,6,4,18,50
11017,B1,S3,64,6,3,6,4,18,50
11017,B2,S3,64,6,3,6,4,18,50
11017,A1,S2,48,6,3,6,4,18,50
11017,GN2,GN,100,6,3,6,4,18,50
11019,GN1,GN,100,6,3,6,4,18,50
11019,S1,SL,72,6,3,6,4,18,50
11019,S2,SL,72,6,3,6,4,18,50
11019,S3,SL,72,6,3,6,4,18,50
11019,S4,SL,72,6,3,6,4,18,50
11019,S5,SL,72,6,3,6,4,18,50
11019,B1,S3,64,6,3,6,4,18,50
11019,B2,S3,64,6,3,6,4,18,50
11019,A1,S2,48,6,3,6,4,18,50
11019,GN2,GN,100,6,3,6,4,18,50
11020,GN1,GN,100,6,3,6,4,18,50
11020,S1,SL,72,6,3,6,4,18,50
11020,S2,SL,72,6,3,6,4,18,50
11020,S3,SL,72,6,3,6,4,18,50
11020,S4,SL,72,6,3,6,4,18,50
11020,S5,SL,72,6,3,6,4,18,50
11020,B1,S3,64,6,3,6,4,18,50
11020,B2,S3,64,6,3,6,4,18,50
11020,A1,S2,48,6,3,6,4,18,50
11020,GN2,GN,100,6,3,6,4,18,50
11023,GN1,GN,100,6,3,6,4,18,50
11023,S1,SL,72,6,3,6,4,18,50
11023,S2,SL,72,6,3,6,4,18,50
11023,S3,SL,72,6,3,6,4,18,50
11023,S4,SL,72,6,3,6,4,18,50
11023,S5,SL,72,6,3,6,4,18,50
11023,B1,S3,64,6,3,6,4,18,50
11023,B2,S3,64,6,3,6,4,18,50
11023,A1,S2,48,6,3,6,4,18,50
11023,GN2,GN,100,6,3,6,4,18,50
11024,GN1,GN,100,6,3,6,4,18,50
11024,S1,SL,72,6,3,6,4,18,50
11024,S2,SL,72,6,3,6,4,18,50
11024,S3,SL,72,6,3,6,4,18,50
11024,S4,SL,72,6,3,6,4,18,50
11024,S5,SL,72,6,3,6,4,18,50
11024,B1,S3,64,6,3,6,4,18,50
11024,B2,S3,64,6,3,6,4,18,50
11024,A1,S2,48,6,3,6,4,18,50
11024,GN2,GN,100,6,3,6,4,18,50
11025,GN1,GN,100,6,3,6,4,18,50
11025,S1,SL,72,6,3,6,4,18,50
11025,S2,SL,72,6,3,6,4,18,50
11025,S3,SL,72,6,3,6,4,18,50
11025,S4,SL,72,6,3,6,4,18,50
11025,S5,SL,72,6,3,6,4,18,50
11025,B1,S3,64,6,3,6,4,18,50
11025,B2,S3,64,6,3,6,4,18,50
11025,A1,S2,48,6,3,6,4,18,50
11025,GN2,GN,100,6,3,6,4,18,50
