train_number,station_code,stop_number,arrival_time,departure_time,distance_from_source,day_number,halt_minutes
12621,MAS,1,,22:00:00,0,1,0
12621,BBQ,2,22:02:00,22:02:00,2,1,2
12621,GDR,3,23:59:00,23:59:00,123,1,2
12621,NLR,4,00:32:00,00:32:00,164,2,2
12621,OGL,5,02:14:00,02:14:00,281,2,2
12621,KCC,6,04:09:00,04:09:00,405,2,2
12621,BZA,7,04:10:00,04:20:00,409,2,10
12621,WL,8,07:03:00,07:05:00,604,2,2
12621,NGP,9,14:10:00,14:20:00,961,2,10
12621,ET,10,18:50:00,18:53:00,1173,2,3
12621,BPL,11,20:25:00,20:35:00,1254,2,10
12621,BINA,12,22:21:00,22:21:00,1383,2,2
12621,JHS,13,00:15:00,00:27:00,1529,3,12
12621,GWL,14,01:44:00,01:45:00,1623,3,2
12621,AGC,15,03:52:00,03:53:00,1729,3,2
12621,MTJ,16,04:41:00,04:41:00,1777,3,2
12621,BTSR,17,04:43:00,04:43:00,1779,3,2
12621,RDE,18,05:47:00,05:47:00,1849,3,2
12621,PWL,19,05:55:00,05:55:00,1859,3,2
12621,AST,20,06:05:00,06:05:00,1870,3,2
12621,BVH,21,06:14:00,06:14:00,1880,3,2
12621,FDN,22,06:17:00,06:17:00,1884,3,2
12621,FDB,23,06:21:00,06:21:00,1888,3,2
12621,TKD,24,06:31:00,06:31:00,1899,3,2
12621,OKA,25,06:36:00,06:36:00,1905,3,2
12621,NZM,26,06:37:00,06:39:00,1909,3,2
12621,TKJ,27,06:52:00,06:52:00,1913,3,2
12621,CSB,28,06:55:00,06:55:00,1915,3,2
12621,NDLS,29,07:00:00,,1916,3,0
12622,NDLS,1,,22:30:00,0,1,0
12622,CSB,2,22:31:00,22:31:00,1,1,2
12622,TKJ,3,22:32:00,22:32:00,3,1,2
12622,NZM,4,22:36:00,22:36:00,7,1,2
12622,OKA,5,22:39:00,22:39:00,11,1,2
12622,TKD,6,22:44:00,22:44:00,17,1,2
12622,FDB,7,22:53:00,22:53:00,28,1,2
12622,FDN,8,22:56:00,22:56:00,32,1,2
12622,BVH,9,22:59:00,22:59:00,36,1,2
12622,AST,10,23:08:00,23:08:00,46,1,2
12622,PWL,11,23:17:00,23:17:00,57,1,2
12622,RDE,12,23:24:00,23:24:00,66,1,2
12622,BTSR,13,00:23:00,00:23:00,137,2,2
12622,MTJ,14,00:25:00,00:25:00,139,2,2
12622,AGC,15,01:07:00,01:10:00,187,2,3
12622,GWL,16,02:36:00,02:39:00,293,2,3
12622,JHS,17,04:00:00,04:12:00,387,2,12
12622,BINA,18,06:11:00,06:11:00,533,2,2
12622,BPL,19,07:55:00,08:00:00,661,2,5
12622,ET,20,09:50:00,09:53:00,742,2,3
12622,NGP,21,14:15:00,14:30:00,954,2,15
12622,WL,22,20:48:00,20:50:00,1312,2,2
12622,BZA,23,00:15:00,00:25:00,1506,3,10
12622,KCC,24,00:30:00,00:30:00,1511,3,2
12622,OGL,25,02:38:00,02:38:00,1634,3,2
12622,NLR,26,04:31:00,04:31:00,1752,3,2
12622,GDR,27,05:08:00,05:08:00,1792,3,2
12622,BBQ,28,07:15:00,07:15:00,1914,3,2
12622,MAS,29,07:15:00,,1916,3,0
11019,CSTM,1,,15:10:00,0,1,0
11019,LTT,2,15:32:00,15:32:00,12,1,2
11019,VVH,3,15:33:00,15:33:00,17,1,2
11019,GC,4,15:34:00,15:34:00,18,1,2
11019,VK,5,15:38:00,15:38:00,22,1,2
11019,KJMG,6,15:39:00,15:39:00,24,1,2
11019,BND,7,15:41:00,15:41:00,26,1,2
11019,NHU,8,15:43:00,15:43:00,27,1,2
11019,MLND,9,15:44:00,15:44:00,30,1,2
11019,TNA,10,15:47:00,15:47:00,32,1,2
11019,DIVA,11,15:55:00,15:55:00,39,1,2
11019,KOPR,12,15:59:00,15:59:00,44,1,2
11019,DI,13,16:00:00,16:00:00,45,1,2
11019,THK,14,16:02:00,16:02:00,46,1,2
11019,KYN,15,16:05:00,16:10:00,50,1,5
11019,PUNE,16,19:00:00,19:05:00,160,1,5
11019,BMT,17,07:00:00,07:02:00,659,2,2
11019,SC,18,07:50:00,08:00:00,665,2,10
11019,KZJ,19,10:10:00,10:20:00,789,2,10
11019,WL,20,10:28:00,10:30:00,796,2,2
11019,BZA,21,14:00:00,14:20:00,991,2,20
11019,RJY,22,16:39:00,16:41:00,1125,2,2
11019,MIPM,23,20:36:00,20:36:00,1302,2,2
11019,VSKP,24,20:55:00,21:15:00,1309,2,20
11019,BBS,25,04:25:00,,1707,3,0
11020,BBS,1,,15:20:00,0,1,0
11020,MIPM,2,22:20:00,22:20:00,392,1,2
11020,VSKP,3,22:25:00,22:45:00,398,1,20
11020,RJY,4,01:48:00,01:50:00,569,2,2
11020,BZA,5,05:00:00,05:20:00,704,2,20
11020,WL,6,08:08:00,08:10:00,898,2,2
11020,KZJ,7,08:38:00,08:40:00,906,2,2
11020,SC,8,11:35:00,11:45:00,1030,2,10
11020,BMT,9,11:55:00,11:57:00,1035,2,2
11020,PUNE,10,23:45:00,23:50:00,1534,2,5
11020,KYN,11,02:39:00,02:40:00,1645,3,2
11020,THK,12,02:43:00,02:43:00,1648,3,2
11020,DI,13,02:45:00,02:45:00,1650,3,2
11020,KOPR,14,02:46:00,02:46:00,1651,3,2
11020,DIVA,15,02:50:00,02:50:00,1656,3,2
11020,TNA,16,02:59:00,03:00:00,1663,3,2
11020,MLND,17,03:03:00,03:03:00,1665,3,2
11020,NHU,18,03:05:00,03:05:00,1667,3,2
11020,BND,19,03:06:00,03:06:00,1669,3,2
11020,KJMG,20,03:08:00,03:08:00,1671,3,2
11020,VK,21,03:10:00,03:10:00,1673,3,2
11020,GC,22,03:14:00,03:14:00,1676,3,2
11020,VVH,23,03:15:00,03:15:00,1678,3,2
11020,LTT,24,03:17:00,03:17:00,1682,3,2
11020,CSTM,25,03:55:00,,1695,3,0
12759,MAS,1,,18:10:00,0,1,0
12759,BBQ,2,18:12:00,18:12:00,2,1,2
12759,GDR,3,20:40:00,20:45:00,123,1,5
12759,NLR,4,21:10:00,21:11:00,164,1,2
12759,OGL,5,22:42:00,22:43:00,281,1,2
12759,KCC,6,01:01:00,01:01:00,405,2,2
12759,BZA,7,01:10:00,01:20:00,409,2,10
12759,WL,8,04:13:00,04:15:00,604,2,2
12759,KZJ,9,04:40:00,04:42:00,612,2,2
12759,SC,10,07:15:00,07:20:00,736,2,5
12759,BMT,11,07:41:00,07:41:00,741,2,2
12759,HYB,12,08:00:00,,748,2,0
12760,HYB,1,,18:30:00,0,1,0
12760,BMT,2,18:41:00,18:41:00,7,1,2
12760,SC,3,18:50:00,18:55:00,13,1,5
12760,KZJ,4,20:53:00,20:55:00,137,1,2
12760,WL,5,21:08:00,21:10:00,144,1,2
12760,BZA,6,01:00:00,01:10:00,339,2,10
12760,KCC,7,01:14:00,01:14:00,344,2,2
12760,OGL,8,03:04:00,03:05:00,467,2,2
12760,NLR,9,04:23:00,04:24:00,585,2,2
12760,GDR,10,05:38:00,05:40:00,625,2,2
12760,BBQ,11,08:14:00,08:14:00,746,2,2
12760,MAS,12,08:15:00,,748,2,0
12429,SBC,1,,20:20:00,0,1,0
12429,YPR,2,20:25:00,20:25:00,6,1,2
12429,BMT,3,07:34:00,07:34:00,505,2,2
12429,SC,4,07:35:00,07:50:00,511,2,15
12429,KZJ,5,09:28:00,09:30:00,635,2,2
12429,NGP,6,15:25:00,15:35:00,990,2,10
12429,ET,7,20:05:00,20:05:00,1202,2,2
12429,BPL,8,21:25:00,21:35:00,1283,2,10
12429,BINA,9,23:10:00,23:10:00,1411,2,2
12429,JHS,10,00:52:00,00:57:00,1558,3,5
12429,GWL,11,02:09:00,02:09:00,1652,3,2
12429,AGC,12,03:35:00,03:35:00,1758,3,2
12429,MTJ,13,04:15:00,04:15:00,1806,3,2
12429,BTSR,14,04:17:00,04:17:00,1808,3,2
12429,RDE,15,05:10:00,05:10:00,1878,3,2
12429,PWL,16,05:16:00,05:16:00,1888,3,2
12429,AST,17,05:25:00,05:25:00,1899,3,2
12429,BVH,18,05:32:00,05:32:00,1909,3,2
12429,FDN,19,05:35:00,05:35:00,1913,3,2
12429,FDB,20,05:38:00,05:38:00,1917,3,2
12429,TKD,21,05:46:00,05:46:00,1928,3,2
12429,OKA,22,05:50:00,05:50:00,1934,3,2
12429,NZM,23,05:50:00,,1938,3,0
12430,NZM,1,,20:50:00,0,1,0
12430,OKA,2,20:52:00,20:52:00,4,1,2
12430,TKD,3,20:56:00,20:56:00,10,1,2
12430,FDB,4,21:04:00,21:04:00,21,1,2
12430,FDN,5,21:06:00,21:06:00,25,1,2
12430,BVH,6,21:09:00,21:09:00,29,1,2
12430,AST,7,21:16:00,21:16:00,39,1,2
12430,PWL,8,21:23:00,21:23:00,50,1,2
12430,RDE,9,21:29:00,21:29:00,59,1,2
12430,BTSR,10,22:17:00,22:17:00,130,1,2
12430,MTJ,11,22:19:00,22:19:00,132,1,2
12430,AGC,12,22:55:00,22:55:00,180,1,2
12430,GWL,13,00:13:00,00:13:00,286,2,2
12430,JHS,14,01:15:00,01:20:00,380,2,5
12430,BINA,15,03:06:00,03:06:00,526,2,2
12430,BPL,16,04:40:00,04:50:00,654,2,10
12430,ET,17,06:07:00,06:07:00,735,2,2
12430,NGP,18,10:15:00,10:25:00,948,2,10
12430,KZJ,19,16:05:00,16:07:00,1303,2,2
12430,SC,20,18:35:00,18:50:00,1427,2,15
12430,BMT,21,18:54:00,18:54:00,1432,2,2
12430,YPR,22,06:37:00,06:37:00,1931,3,2
12430,SBC,23,06:40:00,,1938,3,0
12493,SBC,1,,20:20:00,0,1,0
12493,YPR,2,20:25:00,20:25:00,6,1,2
12493,KCG,3,07:33:00,07:33:00,501,2,2
12493,SC,4,07:35:00,07:50:00,507,2,15
12493,KZJ,5,09:28:00,09:30:00,630,2,2
12493,NGP,6,15:25:00,15:35:00,986,2,10
12493,ET,7,20:05:00,20:05:00,1198,2,2
12493,BPL,8,21:25:00,21:35:00,1279,2,10
12493,BINA,9,23:10:00,23:10:00,1407,2,2
12493,JHS,10,00:52:00,00:57:00,1553,3,5
12493,GWL,11,02:09:00,02:09:00,1647,3,2
12493,AGC,12,03:36:00,03:36:00,1753,3,2
12493,MTJ,13,04:15:00,04:15:00,1801,3,2
12493,BTSR,14,04:17:00,04:17:00,1804,3,2
12493,RDE,15,05:10:00,05:10:00,1874,3,2
12493,PWL,16,05:17:00,05:17:00,1883,3,2
12493,AST,17,05:25:00,05:25:00,1894,3,2
12493,BVH,18,05:33:00,05:33:00,1904,3,2
12493,FDN,19,05:36:00,05:36:00,1908,3,2
12493,FDB,20,05:39:00,05:39:00,1912,3,2
12493,TKD,21,05:47:00,05:47:00,1924,3,2
12493,OKA,22,05:50:00,05:50:00,1930,3,2
12493,NZM,23,05:50:00,,1933,3,0
12494,NZM,1,,20:50:00,0,1,0
12494,OKA,2,20:52:00,20:52:00,4,1,2
12494,TKD,3,20:56:00,20:56:00,10,1,2
12494,FDB,4,21:04:00,21:04:00,21,1,2
12494,FDN,5,21:06:00,21:06:00,25,1,2
12494,BVH,6,21:09:00,21:09:00,29,1,2
12494,AST,7,21:16:00,21:16:00,39,1,2
12494,PWL,8,21:23:00,21:23:00,50,1,2
12494,RDE,9,21:29:00,21:29:00,59,1,2
12494,BTSR,10,22:17:00,22:17:00,130,1,2
12494,MTJ,11,22:19:00,22:19:00,132,1,2
12494,AGC,12,22:55:00,22:55:00,180,1,2
12494,GWL,13,00:13:00,00:13:00,286,2,2
12494,JHS,14,01:15:00,01:20:00,380,2,5
12494,BINA,15,03:06:00,03:06:00,526,2,2
12494,BPL,16,04:40:00,04:50:00,654,2,10
12494,ET,17,06:07:00,06:07:00,735,2,2
12494,NGP,18,10:15:00,10:25:00,948,2,10
12494,KZJ,19,16:05:00,16:07:00,1303,2,2
12494,SC,20,18:35:00,18:50:00,1427,2,15
12494,KCG,21,18:57:00,18:57:00,1432,2,2
12494,YPR,22,06:36:00,06:36:00,1927,3,2
12494,SBC,23,06:40:00,,1933,3,0
12723,HYB,1,,06:25:00,0,1,0
12723,BMT,2,06:36:00,06:36:00,7,1,2
12723,SC,3,06:45:00,06:50:00,13,1,5
12723,KZJ,4,08:40:00,08:42:00,137,1,2
12723,NGP,5,15:45:00,15:55:00,492,1,10
12723,ET,6,20:33:00,20:33:00,704,1,2
12723,BPL,7,22:00:00,22:10:00,785,1,10
12723,BINA,8,00:03:00,00:03:00,913,2,2
12723,JHS,9,02:08:00,02:20:00,1059,2,12
12723,GWL,10,03:37:00,03:38:00,1153,2,2
12723,AGC,11,05:25:00,05:28:00,1259,2,3
12723,MTJ,12,06:18:00,06:20:00,1307,2,2
12723,BTSR,13,06:23:00,06:23:00,1310,2,2
12723,RDE,14,07:37:00,07:37:00,1380,2,2
12723,PWL,15,07:46:00,07:46:00,1389,2,2
12723,AST,16,07:58:00,07:58:00,1400,2,2
12723,BVH,17,08:08:00,08:08:00,1410,2,2
12723,FDN,18,08:12:00,08:12:00,1414,2,2
12723,FDB,19,08:17:00,08:17:00,1418,2,2
12723,TKD,20,08:28:00,08:28:00,1430,2,2
12723,OKA,21,08:34:00,08:34:00,1436,2,2
12723,NZM,22,08:38:00,08:40:00,1439,2,2
12723,TKJ,23,08:57:00,08:57:00,1444,2,2
12723,CSB,24,09:02:00,09:02:00,1445,2,2
12723,NDLS,25,09:05:00,,1446,2,0
12724,NDLS,1,,17:30:00,0,1,0
12724,CSB,2,17:31:00,17:31:00,1,1,2
12724,TKJ,3,17:32:00,17:32:00,3,1,2
12724,NZM,4,17:37:00,17:37:00,7,1,2
12724,OKA,5,17:40:00,17:40:00,11,1,2
12724,TKD,6,17:46:00,17:46:00,17,1,2
12724,FDB,7,17:57:00,17:57:00,28,1,2
12724,FDN,8,18:00:00,18:00:00,32,1,2
12724,BVH,9,18:04:00,18:04:00,36,1,2
12724,AST,10,18:14:00,18:14:00,46,1,2
12724,PWL,11,18:24:00,18:24:00,57,1,2
12724,RDE,12,18:33:00,18:33:00,66,1,2
12724,BTSR,13,19:41:00,19:41:00,137,1,2
12724,MTJ,14,19:42:00,19:44:00,139,1,2
12724,AGC,15,20:37:00,20:40:00,187,1,3
12724,GWL,16,22:07:00,22:10:00,293,1,3
12724,JHS,17,23:30:00,23:42:00,387,1,12
12724,BINA,18,01:41:00,01:41:00,533,2,2
12724,BPL,19,03:25:00,03:30:00,661,2,5
12724,ET,20,04:58:00,04:58:00,742,2,2
12724,NGP,21,09:40:00,09:50:00,954,2,10
12724,KZJ,22,16:45:00,16:47:00,1310,2,2
12724,SC,23,19:15:00,19:20:00,1434,2,5
12724,BMT,24,19:35:00,19:35:00,1439,2,2
12724,HYB,25,19:50:00,,1446,2,0
12841,HWH,1,,14:50:00,0,1,0
12841,BBS,2,21:20:00,21:35:00,365,1,15
12841,MIPM,3,04:24:00,04:24:00,757,2,2
12841,VSKP,4,04:25:00,04:45:00,763,2,20
12841,RJY,5,07:31:00,07:33:00,934,2,2
12841,BZA,6,10:20:00,10:35:00,1069,2,15
12841,KCC,7,10:39:00,10:39:00,1073,2,2
12841,OGL,8,12:45:00,12:45:00,1197,2,2
12841,NLR,9,14:35:00,14:35:00,1314,2,2
12841,GDR,10,15:11:00,15:11:00,1355,2,2
12841,BBQ,11,17:15:00,17:15:00,1476,2,2
12841,MAS,12,17:15:00,,1478,2,0
12842,MAS,1,,08:45:00,0,1,0
12842,BBQ,2,08:47:00,08:47:00,2,1,2
12842,GDR,3,10:42:00,10:42:00,123,1,2
12842,NLR,4,11:15:00,11:15:00,164,1,2
12842,OGL,5,12:54:00,12:55:00,281,1,2
12842,KCC,6,15:05:00,15:05:00,405,1,2
12842,BZA,7,15:10:00,15:25:00,409,1,15
12842,RJY,8,17:32:00,17:42:00,544,1,10
12842,MIPM,9,21:44:00,21:44:00,721,1,2
12842,VSKP,10,21:50:00,22:10:00,727,1,20
12842,BBS,11,04:35:00,04:45:00,1125,2,10
12842,HWH,12,11:50:00,,1490,2,0
12739,VSKP,1,,20:30:00,0,1,0
12739,MIPM,2,20:36:00,20:36:00,7,1,2
12739,RJY,3,23:31:00,23:33:00,183,1,2
12739,BZA,4,02:10:00,02:25:00,318,2,15
12739,WL,5,05:18:00,05:20:00,512,2,2
12739,KZJ,6,05:32:00,05:32:00,520,2,2
12739,SC,7,08:10:00,,644,2,0
12740,SC,1,,20:15:00,0,1,0
12740,KZJ,2,22:03:00,22:03:00,124,1,2
12740,WL,3,22:10:00,22:12:00,132,1,2
12740,BZA,4,01:40:00,01:55:00,326,2,15
12740,RJY,5,04:06:00,04:08:00,461,2,2
12740,MIPM,6,07:20:00,07:20:00,637,2,2
12740,VSKP,7,07:30:00,,644,2,0
12711,BZA,1,,06:00:00,0,1,0
12711,KCC,2,06:04:00,06:04:00,5,1,2
12711,OGL,3,08:03:00,08:04:00,128,1,2
12711,NLR,4,09:25:00,09:26:00,246,1,2
12711,GDR,5,10:38:00,10:40:00,286,1,2
12711,BBQ,6,12:57:00,12:57:00,407,1,2
12711,MAS,7,13:00:00,,409,1,0
12712,MAS,1,,14:05:00,0,1,0
12712,BBQ,2,14:07:00,14:07:00,2,1,2
12712,GDR,3,16:25:00,16:27:00,123,1,2
12712,NLR,4,16:52:00,16:53:00,164,1,2
12712,OGL,5,18:26:00,18:27:00,281,1,2
12712,KCC,6,20:58:00,20:58:00,405,1,2
12712,BZA,7,21:10:00,,409,1,0
12219,LTT,1,,23:05:00,0,1,0
12219,VVH,2,23:06:00,23:06:00,5,1,2
12219,GC,3,23:08:00,23:08:00,6,1,2
12219,VK,4,23:11:00,23:11:00,10,1,2
12219,KJMG,5,23:13:00,23:13:00,12,1,2
12219,BND,6,23:14:00,23:14:00,13,1,2
12219,NHU,7,23:16:00,23:16:00,15,1,2
12219,MLND,8,23:18:00,23:18:00,17,1,2
12219,TNA,9,23:21:00,23:21:00,20,1,2
12219,DIVA,10,23:30:00,23:30:00,27,1,2
12219,KOPR,11,23:34:00,23:34:00,31,1,2
12219,DI,12,23:35:00,23:35:00,33,1,2
12219,THK,13,23:36:00,23:36:00,34,1,2
12219,KYN,14,23:40:00,23:40:00,38,1,2
12219,PUNE,15,01:49:00,01:49:00,148,2,2
12219,BMT,16,11:05:00,11:05:00,647,2,2
12219,SC,17,11:05:00,,653,2,0
12220,SC,1,,23:05:00,0,1,0
12220,BMT,2,23:10:00,23:10:00,5,1,2
12220,PUNE,3,08:27:00,08:27:00,504,2,2
12220,KYN,4,10:37:00,10:37:00,615,2,2
12220,THK,5,10:40:00,10:40:00,619,2,2
12220,DI,6,10:41:00,10:41:00,620,2,2
12220,KOPR,7,10:43:00,10:43:00,621,2,2
12220,DIVA,8,10:47:00,10:47:00,626,2,2
12220,TNA,9,10:56:00,10:56:00,633,2,2
12220,MLND,10,10:58:00,10:58:00,635,2,2
12220,NHU,11,11:00:00,11:00:00,637,2,2
12220,BND,12,11:02:00,11:02:00,639,2,2
12220,KJMG,13,11:04:00,11:04:00,641,2,2
12220,VK,14,11:05:00,11:05:00,643,2,2
12220,GC,15,11:05:00,11:05:00,646,2,2
12220,VVH,16,11:05:00,11:05:00,648,2,2
12220,LTT,17,11:05:00,,653,2,0
12951,BCT,1,,16:40:00,0,1,0
12951,UDN,2,19:36:00,19:36:00,245,1,2
12951,ST,3,19:37:00,19:40:00,249,1,3
12951,URN,4,19:43:00,19:43:00,252,1,2
12951,KSE,5,19:45:00,19:45:00,255,1,2
12951,GTX,6,19:47:00,19:47:00,260,1,2
12951,SYN,7,19:49:00,19:49:00,262,1,2
12951,KDSD,8,19:54:00,19:54:00,269,1,2
12951,KIM,9,19:56:00,19:56:00,272,1,2
12951,KSB,10,20:01:00,20:01:00,280,1,2
12951,HAT,11,20:04:00,20:04:00,284,1,2
12951,PAO,12,20:09:00,20:09:00,288,1,2
12951,AKV,13,20:14:00,20:14:00,298,1,2
12951,BH,14,20:20:00,20:20:00,308,1,2
12951,CVJ,15,20:23:00,20:23:00,313,1,2
12951,NIU,16,20:28:00,20:28:00,319,1,2
12951,VRE,17,20:33:00,20:33:00,325,1,2
12951,PLJ,18,20:37:00,20:37:00,333,1,2
12951,LKD,19,20:42:00,20:42:00,341,1,2
12951,MYGL,20,20:47:00,20:47:00,348,1,2
12951,MYG,21,20:47:00,20:47:00,348,1,2
12951,KSPR,22,20:53:00,20:53:00,356,1,2
12951,ITA,23,20:55:00,20:55:00,360,1,2
12951,VRM,24,20:58:00,20:58:00,364,1,2
12951,MPR,25,21:02:00,21:02:00,369,1,2
12951,VS,26,21:05:00,21:05:00,375,1,2
12951,BRC,27,21:06:00,21:22:00,378,1,16
12951,KOTA,28,03:20:00,03:30:00,801,2,10
12951,MTJ,29,07:02:00,07:02:00,1110,2,2
12951,BTSR,30,07:04:00,07:04:00,1113,2,2
12951,RDE,31,07:51:00,07:51:00,1183,2,2
12951,PWL,32,07:57:00,07:57:00,1192,2,2
12951,AST,33,08:04:00,08:04:00,1204,2,2
12951,BVH,34,08:11:00,08:11:00,1214,2,2
12951,FDN,35,08:13:00,08:13:00,1218,2,2
12951,FDB,36,08:16:00,08:16:00,1221,2,2
12951,TKD,37,08:23:00,08:23:00,1233,2,2
12951,OKA,38,08:27:00,08:27:00,1239,2,2
12951,NZM,39,08:29:00,08:29:00,1242,2,2
12951,TKJ,40,08:30:00,08:30:00,1247,2,2
12951,CSB,41,08:30:00,08:30:00,1248,2,2
12951,NDLS,42,08:30:00,,1249,2,0
12952,NDLS,1,,16:30:00,0,1,0
12952,CSB,2,16:31:00,16:31:00,1,1,2
12952,TKJ,3,16:31:00,16:31:00,3,1,2
12952,NZM,4,16:34:00,16:34:00,7,1,2
12952,OKA,5,16:36:00,16:36:00,11,1,2
12952,TKD,6,16:40:00,16:40:00,17,1,2
12952,FDB,7,16:46:00,16:46:00,28,1,2
12952,FDN,8,16:48:00,16:48:00,32,1,2
12952,BVH,9,16:51:00,16:51:00,36,1,2
12952,AST,10,16:56:00,16:56:00,46,1,2
12952,PWL,11,17:03:00,17:03:00,57,1,2
12952,RDE,12,17:08:00,17:08:00,66,1,2
12952,BTSR,13,17:49:00,17:49:00,137,1,2
12952,MTJ,14,17:51:00,17:51:00,139,1,2
12952,KOTA,15,20:55:00,21:05:00,449,1,10
12952,BRC,16,03:24:00,03:40:00,872,2,16
12952,VS,17,03:42:00,03:42:00,875,2,2
12952,MPR,18,03:46:00,03:46:00,880,2,2
12952,VRM,19,03:50:00,03:50:00,886,2,2
12952,ITA,20,03:53:00,03:53:00,890,2,2
12952,KSPR,21,03:56:00,03:56:00,893,2,2
12952,MYG,22,04:01:00,04:01:00,901,2,2
12952,MYGL,23,04:01:00,04:01:00,901,2,2
12952,LKD,24,04:07:00,04:07:00,908,2,2
12952,PLJ,25,04:12:00,04:12:00,917,2,2
12952,VRE,26,04:16:00,04:16:00,924,2,2
12952,NIU,27,04:21:00,04:21:00,930,2,2
12952,CVJ,28,04:26:00,04:26:00,936,2,2
12952,BH,29,04:30:00,04:30:00,942,2,2
12952,AKV,30,04:36:00,04:36:00,951,2,2
12952,PAO,31,04:41:00,04:41:00,961,2,2
12952,HAT,32,04:46:00,04:46:00,965,2,2
12952,KSB,33,04:49:00,04:49:00,969,2,2
12952,KIM,34,04:55:00,04:55:00,977,2,2
12952,KDSD,35,04:57:00,04:57:00,980,2,2
12952,SYN,36,05:02:00,05:02:00,987,2,2
12952,GTX,37,05:04:00,05:04:00,990,2,2
12952,KSE,38,05:07:00,05:07:00,994,2,2
12952,URN,39,05:09:00,05:09:00,997,2,2
12952,ST,40,05:11:00,05:14:00,1000,2,3
12952,UDN,41,05:17:00,05:17:00,1004,2,2
12952,BCT,42,08:35:00,,1249,2,0
12027,MAS,1,,17:30:00,0,1,0
12027,BBQ,2,17:31:00,17:31:00,2,1,2
12027,SBC,3,22:30:00,,295,1,0
12028,SBC,1,,06:00:00,0,1,0
12028,BBQ,2,10:59:00,10:59:00,293,1,2
12028,MAS,3,11:00:00,,295,1,0
12243,MAS,1,,06:50:00,0,1,0
12243,BBQ,2,06:52:00,06:52:00,2,1,2
12243,CBE,3,13:30:00,,431,1,0
12244,CBE,1,,15:05:00,0,1,0
12244,BBQ,2,21:50:00,21:50:00,429,1,2
12244,MAS,3,21:50:00,,431,1,0
12269,MAS,1,,06:40:00,0,1,0
12269,BBQ,2,06:42:00,06:42:00,2,1,2
12269,GDR,3,08:26:00,08:26:00,123,1,2
12269,NLR,4,08:55:00,08:55:00,164,1,2
12269,OGL,5,10:25:00,10:25:00,281,1,2
12269,KCC,6,12:08:00,12:08:00,405,1,2
12269,BZA,7,12:12:00,12:12:00,409,1,2
12269,WL,8,14:51:00,14:51:00,604,1,2
12269,NGP,9,20:39:00,20:39:00,961,1,2
12269,ET,10,00:27:00,00:27:00,1173,2,2
12269,BPL,11,01:38:00,01:38:00,1254,2,2
12269,BINA,12,03:25:00,03:25:00,1383,2,2
12269,JHS,13,05:23:00,05:23:00,1529,2,2
12269,GWL,14,06:38:00,06:38:00,1623,2,2
12269,AGC,15,08:09:00,08:09:00,1729,2,2
12269,MTJ,16,08:50:00,08:50:00,1777,2,2
12269,BTSR,17,08:52:00,08:52:00,1779,2,2
12269,RDE,18,09:47:00,09:47:00,1849,2,2
12269,PWL,19,09:55:00,09:55:00,1859,2,2
12269,AST,20,10:03:00,10:03:00,1870,2,2
12269,BVH,21,10:11:00,10:11:00,1880,2,2
12269,FDN,22,10:14:00,10:14:00,1884,2,2
12269,FDB,23,10:17:00,10:17:00,1888,2,2
12269,TKD,24,10:26:00,10:26:00,1899,2,2
12269,OKA,25,10:30:00,10:30:00,1905,2,2
12269,NZM,26,10:35:00,,1909,2,0
12270,NZM,1,,15:50:00,0,1,0
12270,OKA,2,15:53:00,15:53:00,4,1,2
12270,TKD,3,15:58:00,15:58:00,10,1,2
12270,FDB,4,16:06:00,16:06:00,21,1,2
12270,FDN,5,16:10:00,16:10:00,25,1,2
12270,BVH,6,16:13:00,16:13:00,29,1,2
12270,AST,7,16:21:00,16:21:00,39,1,2
12270,PWL,8,16:29:00,16:29:00,50,1,2
12270,RDE,9,16:37:00,16:37:00,59,1,2
12270,BTSR,10,17:34:00,17:34:00,130,1,2
12270,MTJ,11,17:36:00,17:36:00,132,1,2
12270,AGC,12,18:18:00,18:18:00,180,1,2
12270,GWL,13,19:51:00,19:51:00,286,1,2
12270,JHS,14,21:08:00,21:08:00,380,1,2
12270,BINA,15,23:09:00,23:09:00,526,1,2
12270,BPL,16,00:59:00,00:59:00,654,2,2
12270,ET,17,02:11:00,02:11:00,735,2,2
12270,NGP,18,06:05:00,06:05:00,948,2,2
12270,WL,19,12:01:00,12:01:00,1305,2,2
12270,BZA,20,14:45:00,14:45:00,1499,2,2
12270,KCC,21,14:49:00,14:49:00,1504,2,2
12270,OGL,22,16:34:00,16:34:00,1627,2,2
12270,NLR,23,18:06:00,18:06:00,1745,2,2
12270,GDR,24,18:37:00,18:37:00,1785,2,2
12270,BBQ,25,20:10:00,20:10:00,1907,2,2
12270,MAS,26,20:10:00,,1909,2,0
12433,MAS,1,,06:10:00,0,1,0
12433,BBQ,2,06:12:00,06:12:00,2,1,2
12433,GDR,3,07:59:00,07:59:00,123,1,2
12433,NLR,4,08:30:00,08:30:00,164,1,2
12433,OGL,5,10:03:00,10:03:00,281,1,2
12433,KCC,6,11:50:00,11:50:00,405,1,2
12433,BZA,7,11:50:00,12:00:00,409,1,10
12433,WL,8,14:39:00,14:40:00,604,1,2
12433,NGP,9,20:35:00,20:45:00,961,1,10
12433,ET,10,00:55:00,00:55:00,1173,2,2
12433,BPL,11,02:10:00,02:20:00,1254,2,10
12433,BINA,12,03:49:00,03:49:00,1383,2,2
12433,JHS,13,05:26:00,05:31:00,1529,2,5
12433,GWL,14,06:36:00,06:38:00,1623,2,2
12433,AGC,15,07:55:00,07:57:00,1729,2,2
12433,MTJ,16,08:38:00,08:38:00,1777,2,2
12433,BTSR,17,08:41:00,08:41:00,1779,2,2
12433,RDE,18,09:36:00,09:36:00,1849,2,2
12433,PWL,19,09:43:00,09:43:00,1859,2,2
12433,AST,20,09:52:00,09:52:00,1870,2,2
12433,BVH,21,10:00:00,10:00:00,1880,2,2
12433,FDN,22,10:03:00,10:03:00,1884,2,2
12433,FDB,23,10:06:00,10:06:00,1888,2,2
12433,TKD,24,10:14:00,10:14:00,1899,2,2
12433,OKA,25,10:19:00,10:19:00,1905,2,2
12433,NZM,26,10:20:00,,1909,2,0
12434,NZM,1,,16:00:00,0,1,0
12434,OKA,2,16:03:00,16:03:00,4,1,2
12434,TKD,3,16:07:00,16:07:00,10,1,2
12434,FDB,4,16:14:00,16:14:00,21,1,2
12434,FDN,5,16:17:00,16:17:00,25,1,2
12434,BVH,6,16:20:00,16:20:00,29,1,2
12434,AST,7,16:27:00,16:27:00,39,1,2
12434,PWL,8,16:34:00,16:34:00,50,1,2
12434,RDE,9,16:41:00,16:41:00,59,1,2
12434,BTSR,10,17:30:00,17:30:00,130,1,2
12434,MTJ,11,17:32:00,17:32:00,132,1,2
12434,AGC,12,18:08:00,18:10:00,180,1,2
12434,GWL,13,19:23:00,19:25:00,286,1,2
12434,JHS,14,20:35:00,20:40:00,380,1,5
12434,BINA,15,22:27:00,22:27:00,526,1,2
12434,BPL,16,00:01:00,00:05:00,654,2,4
12434,ET,17,01:21:00,01:21:00,735,2,2
12434,NGP,18,05:25:00,05:35:00,948,2,10
12434,WL,19,11:25:00,11:26:00,1305,2,2
12434,BZA,20,14:20:00,14:30:00,1499,2,10
12434,KCC,21,14:34:00,14:34:00,1504,2,2
12434,OGL,22,16:22:00,16:22:00,1627,2,2
12434,NLR,23,17:57:00,17:57:00,1745,2,2
12434,GDR,24,18:28:00,18:28:00,1785,2,2
12434,BBQ,25,20:15:00,20:15:00,1907,2,2
12434,MAS,26,20:15:00,,1909,2,0
12245,MIPM,1,,12:15:00,0,1,0
12245,VSKP,2,12:00:00,12:15:00,7,1,15
12245,HWH,3,12:00:00,11:00:00,770,1,1380
12245,BBS,4,17:35:00,17:35:00,1135,1,2
12245,RJY,5,02:53:00,02:53:00,1696,2,2
12245,BZA,6,05:08:00,05:08:00,1831,2,2
12245,KCC,7,05:12:00,05:12:00,1836,2,2
12245,OGL,8,07:13:00,07:13:00,1959,2,2
12245,NLR,9,08:58:00,08:58:00,2077,2,2
12245,GDR,10,09:33:00,09:33:00,2117,2,2
12245,YPR,11,16:00:00,,2393,2,0
12246,MIPM,1,,12:15:00,0,1,0
12246,VSKP,2,12:00:00,12:15:00,7,1,15
12246,YPR,3,12:00:00,11:15:00,805,1,1395
12246,GDR,4,17:54:00,17:54:00,1080,1,2
12246,NLR,5,18:28:00,18:28:00,1120,1,2
12246,OGL,6,20:13:00,20:13:00,1238,1,2
12246,KCC,7,22:13:00,22:13:00,1361,1,2
12246,BZA,8,22:17:00,22:17:00,1366,1,2
12246,RJY,9,00:31:00,00:31:00,1501,2,2
12246,BBS,10,09:44:00,09:44:00,2062,2,2
12246,HWH,11,16:00:00,,2427,2,0
12213,YPR,1,,23:40:00,0,1,0
12213,BMT,2,09:12:00,09:12:00,499,2,2
12213,SC,3,09:16:00,09:16:00,505,2,2
12213,KZJ,4,11:04:00,11:04:00,629,2,2
12213,NGP,5,17:06:00,17:06:00,984,2,2
12213,ET,6,21:08:00,21:08:00,1196,2,2
12213,BPL,7,22:23:00,22:23:00,1277,2,2
12213,BINA,8,00:16:00,00:16:00,1405,3,2
12213,JHS,9,02:21:00,02:21:00,1552,3,2
12213,GWL,10,03:41:00,03:41:00,1645,3,2
12213,AGC,11,05:17:00,05:17:00,1752,3,2
12213,MTJ,12,06:01:00,06:01:00,1799,3,2
12213,BTSR,13,06:03:00,06:03:00,1802,3,2
12213,RDE,14,06:50:00,06:50:00,1872,3,2
12213,PWL,15,06:50:00,06:50:00,1881,3,2
12213,AST,16,06:50:00,06:50:00,1893,3,2
12213,BVH,17,06:50:00,06:50:00,1903,3,2
12213,FDN,18,06:50:00,06:50:00,1907,3,2
12213,FDB,19,06:50:00,06:50:00,1911,3,2
12213,TKD,20,06:50:00,06:50:00,1922,3,2
12213,OKA,21,06:50:00,,1928,3,0
12214,OKA,1,,23:20:00,0,1,0
12214,TKD,2,23:25:00,23:25:00,6,1,2
12214,FDB,3,23:35:00,23:35:00,17,1,2
12214,FDN,4,23:38:00,23:38:00,21,1,2
12214,BVH,5,23:41:00,23:41:00,25,1,2
12214,AST,6,23:50:00,23:50:00,35,1,2
12214,PWL,7,23:59:00,23:59:00,46,1,2
12214,RDE,8,00:07:00,00:07:00,56,2,2
12214,BTSR,9,01:09:00,01:09:00,126,2,2
12214,MTJ,10,01:11:00,01:11:00,128,2,2
12214,AGC,11,01:57:00,01:57:00,176,2,2
12214,GWL,12,03:37:00,03:37:00,282,2,2
12214,JHS,13,05:00:00,05:00:00,376,2,2
12214,BINA,14,07:11:00,07:11:00,523,2,2
12214,BPL,15,09:09:00,09:09:00,651,2,2
12214,ET,16,10:27:00,10:27:00,732,2,2
12214,NGP,17,14:39:00,14:39:00,944,2,2
12214,KZJ,18,20:56:00,20:56:00,1299,2,2
12214,SC,19,22:48:00,22:48:00,1423,2,2
12214,BMT,20,22:52:00,22:52:00,1428,2,2
12214,YPR,21,07:30:00,,1928,3,0
12285,SC,1,,13:30:00,0,1,0
12285,KZJ,2,15:11:00,15:11:00,124,1,2
12285,NGP,3,20:52:00,20:52:00,479,1,2
12285,ET,4,00:40:00,00:40:00,691,2,2
12285,BPL,5,01:51:00,01:51:00,772,2,2
12285,BINA,6,03:38:00,03:38:00,900,2,2
12285,JHS,7,05:36:00,05:36:00,1047,2,2
12285,GWL,8,06:51:00,06:51:00,1141,2,2
12285,AGC,9,08:22:00,08:22:00,1247,2,2
12285,MTJ,10,09:03:00,09:03:00,1295,2,2
12285,BTSR,11,09:05:00,09:05:00,1297,2,2
12285,RDE,12,10:00:00,10:00:00,1367,2,2
12285,PWL,13,10:08:00,10:08:00,1377,2,2
12285,AST,14,10:16:00,10:16:00,1388,2,2
12285,BVH,15,10:24:00,10:24:00,1398,2,2
12285,FDN,16,10:27:00,10:27:00,1402,2,2
12285,FDB,17,10:30:00,10:30:00,1406,2,2
12285,TKD,18,10:35:00,10:35:00,1417,2,2
12285,OKA,19,10:35:00,10:35:00,1423,2,2
12285,NZM,20,10:35:00,,1427,2,0
12286,NZM,1,,15:50:00,0,1,0
12286,OKA,2,15:53:00,15:53:00,4,1,2
12286,TKD,3,15:58:00,15:58:00,10,1,2
12286,FDB,4,16:07:00,16:07:00,21,1,2
12286,FDN,5,16:10:00,16:10:00,25,1,2
12286,BVH,6,16:13:00,16:13:00,29,1,2
12286,AST,7,16:21:00,16:21:00,39,1,2
12286,PWL,8,16:30:00,16:30:00,50,1,2
12286,RDE,9,16:38:00,16:38:00,59,1,2
12286,BTSR,10,17:36:00,17:36:00,130,1,2
12286,MTJ,11,17:38:00,17:38:00,132,1,2
12286,AGC,12,18:22:00,18:22:00,180,1,2
12286,GWL,13,19:57:00,19:57:00,286,1,2
12286,JHS,14,21:16:00,21:16:00,380,1,2
12286,BINA,15,23:20:00,23:20:00,526,1,2
12286,BPL,16,01:13:00,01:13:00,654,2,2
12286,ET,17,02:27:00,02:27:00,735,2,2
12286,NGP,18,06:27:00,06:27:00,948,2,2
12286,KZJ,19,12:26:00,12:26:00,1303,2,2
12286,SC,20,14:00:00,,1427,2,0
12437,SC,1,,12:45:00,0,1,0
12437,KZJ,2,14:45:00,14:47:00,124,1,2
12437,NGP,3,20:35:00,20:45:00,479,1,10
12437,ET,4,00:56:00,00:56:00,691,2,2
12437,BPL,5,02:10:00,02:20:00,772,2,10
12437,BINA,6,03:49:00,03:49:00,900,2,2
12437,JHS,7,05:26:00,05:31:00,1047,2,5
12437,GWL,8,06:42:00,06:42:00,1141,2,2
12437,AGC,9,08:07:00,08:07:00,1247,2,2
12437,MTJ,10,08:46:00,08:46:00,1295,2,2
12437,BTSR,11,08:48:00,08:48:00,1297,2,2
12437,RDE,12,09:40:00,09:40:00,1367,2,2
12437,PWL,13,09:47:00,09:47:00,1377,2,2
12437,AST,14,09:55:00,09:55:00,1388,2,2
12437,BVH,15,10:02:00,10:02:00,1398,2,2
12437,FDN,16,10:05:00,10:05:00,1402,2,2
12437,FDB,17,10:08:00,10:08:00,1406,2,2
12437,TKD,18,10:16:00,10:16:00,1417,2,2
12437,OKA,19,10:20:00,10:20:00,1423,2,2
12437,NZM,20,10:20:00,,1427,2,0
12438,NZM,1,,16:00:00,0,1,0
12438,OKA,2,16:03:00,16:03:00,4,1,2
12438,TKD,3,16:07:00,16:07:00,10,1,2
12438,FDB,4,16:14:00,16:14:00,21,1,2
12438,FDN,5,16:17:00,16:17:00,25,1,2
12438,BVH,6,16:20:00,16:20:00,29,1,2
12438,AST,7,16:27:00,16:27:00,39,1,2
12438,PWL,8,16:34:00,16:34:00,50,1,2
12438,RDE,9,16:41:00,16:41:00,59,1,2
12438,BTSR,10,17:30:00,17:30:00,130,1,2
12438,MTJ,11,17:32:00,17:32:00,132,1,2
12438,AGC,12,18:09:00,18:09:00,180,1,2
12438,GWL,13,19:31:00,19:31:00,286,1,2
12438,JHS,14,20:35:00,20:40:00,380,1,5
12438,BINA,15,22:27:00,22:27:00,526,1,2
12438,BPL,16,00:01:00,00:05:00,654,2,4
12438,ET,17,01:21:00,01:21:00,735,2,2
12438,NGP,18,05:25:00,05:35:00,948,2,10
12438,KZJ,19,11:25:00,11:27:00,1303,2,2
12438,SC,20,14:00:00,,1427,2,0
12441,NGP,1,,20:50:00,0,1,0
12441,ET,2,00:57:00,00:57:00,212,2,2
12441,BPL,3,02:10:00,02:20:00,293,2,10
12441,BINA,4,03:49:00,03:49:00,421,2,2
12441,JHS,5,05:26:00,05:31:00,568,2,5
12441,GWL,6,06:47:00,06:47:00,661,2,2
12441,AGC,7,08:18:00,08:18:00,768,2,2
12441,MTJ,8,08:59:00,08:59:00,816,2,2
12441,BTSR,9,09:01:00,09:01:00,818,2,2
12441,RDE,10,09:57:00,09:57:00,888,2,2
12441,PWL,11,10:04:00,10:04:00,898,2,2
12441,AST,12,10:13:00,10:13:00,909,2,2
12441,BVH,13,10:21:00,10:21:00,919,2,2
12441,FDN,14,10:24:00,10:24:00,923,2,2
12441,FDB,15,10:27:00,10:27:00,927,2,2
12441,TKD,16,10:36:00,10:36:00,938,2,2
12441,OKA,17,10:40:00,10:40:00,944,2,2
12441,NZM,18,10:43:00,10:43:00,948,2,2
12441,TKJ,19,10:45:00,10:45:00,952,2,2
12441,CSB,20,10:45:00,10:45:00,953,2,2
12441,NDLS,21,10:45:00,,954,2,0
12442,NDLS,1,,15:45:00,0,1,0
12442,CSB,2,15:46:00,15:46:00,1,1,2
12442,TKJ,3,15:47:00,15:47:00,3,1,2
12442,NZM,4,15:50:00,15:50:00,7,1,2
12442,OKA,5,15:53:00,15:53:00,11,1,2
12442,TKD,6,15:57:00,15:57:00,17,1,2
12442,FDB,7,16:05:00,16:05:00,28,1,2
12442,FDN,8,16:08:00,16:08:00,32,1,2
12442,BVH,9,16:11:00,16:11:00,36,1,2
12442,AST,10,16:18:00,16:18:00,46,1,2
12442,PWL,11,16:26:00,16:26:00,57,1,2
12442,RDE,12,16:33:00,16:33:00,66,1,2
12442,BTSR,13,17:24:00,17:24:00,137,1,2
12442,MTJ,14,17:26:00,17:26:00,139,1,2
12442,AGC,15,18:04:00,18:04:00,187,1,2
12442,GWL,16,19:29:00,19:29:00,293,1,2
12442,JHS,17,20:35:00,20:40:00,387,1,5
12442,BINA,18,22:27:00,22:27:00,533,1,2
12442,BPL,19,00:01:00,00:05:00,661,2,4
12442,ET,20,01:21:00,01:21:00,742,2,2
12442,NGP,21,05:25:00,,954,2,0
12077,MAS,1,,07:00:00,0,1,0
12077,BBQ,2,07:02:00,07:02:00,2,1,2
12077,GDR,3,09:15:00,09:17:00,123,1,2
12077,NLR,4,09:42:00,09:43:00,164,1,2
12077,OGL,5,11:12:00,11:13:00,281,1,2
12077,KCC,6,13:26:00,13:26:00,405,1,2
12077,BZA,7,13:35:00,,409,1,0
12078,BZA,1,,14:35:00,0,1,0
12078,KCC,2,14:39:00,14:39:00,5,1,2
12078,OGL,3,16:31:00,16:32:00,128,1,2
12078,NLR,4,17:59:00,18:00:00,246,1,2
12078,GDR,5,18:48:00,18:50:00,286,1,2
12078,BBQ,6,21:08:00,21:08:00,407,1,2
12078,MAS,7,21:10:00,,409,1,0
12001,BPL,1,,14:40:00,0,1,0
12001,BINA,2,16:10:00,16:10:00,128,1,2
12001,JHS,3,17:47:00,17:55:00,274,1,8
12001,GWL,4,19:00:00,19:05:00,368,1,5
12001,AGC,5,20:25:00,20:30:00,474,1,5
12001,MTJ,6,21:03:00,21:04:00,522,1,2
12001,BTSR,7,21:06:00,21:06:00,525,1,2
12001,RDE,8,21:50:00,21:50:00,595,1,2
12001,PWL,9,21:56:00,21:56:00,604,1,2
12001,AST,10,22:03:00,22:03:00,616,1,2
12001,BVH,11,22:09:00,22:09:00,626,1,2
12001,FDN,12,22:12:00,22:12:00,630,1,2
12001,FDB,13,22:14:00,22:14:00,633,1,2
12001,TKD,14,22:21:00,22:21:00,645,1,2
12001,OKA,15,22:25:00,22:25:00,651,1,2
12001,NZM,16,22:27:00,22:27:00,654,1,2
12001,TKJ,17,22:30:00,22:30:00,659,1,2
12001,CSB,18,22:30:00,22:30:00,660,1,2
12001,NDLS,19,22:30:00,,661,1,0
12002,NDLS,1,,06:15:00,0,1,0
12002,CSB,2,06:16:00,06:16:00,1,1,2
12002,TKJ,3,06:16:00,06:16:00,3,1,2
12002,NZM,4,06:19:00,06:19:00,7,1,2
12002,OKA,5,06:21:00,06:21:00,11,1,2
12002,TKD,6,06:24:00,06:24:00,17,1,2
12002,FDB,7,06:31:00,06:31:00,28,1,2
12002,FDN,8,06:33:00,06:33:00,32,1,2
12002,BVH,9,06:35:00,06:35:00,36,1,2
12002,AST,10,06:40:00,06:40:00,46,1,2
12002,PWL,11,06:47:00,06:47:00,57,1,2
12002,RDE,12,06:52:00,06:52:00,66,1,2
12002,BTSR,13,07:31:00,07:31:00,137,1,2
12002,MTJ,14,07:32:00,07:34:00,139,1,2
12002,AGC,15,08:12:00,08:17:00,187,1,5
12002,GWL,16,09:35:00,09:38:00,293,1,3
12002,JHS,17,10:48:00,10:56:00,387,1,8
12002,BINA,18,12:37:00,12:37:00,533,1,2
12002,BPL,19,14:05:00,,661,1,0
12025,PUNE,1,,05:50:00,0,1,0
12025,BMT,2,13:44:00,13:45:00,499,1,2
12025,SC,3,14:10:00,,504,1,0
12026,SC,1,,14:40:00,0,1,0
12026,BMT,2,14:48:00,14:50:00,5,1,2
12026,PUNE,3,23:00:00,,504,1,0
12957,ADI,1,,17:45:00,0,1,0
12957,JP,2,02:45:00,02:50:00,540,2,5
12957,NDLS,3,07:25:00,,779,2,0
12958,NDLS,1,,19:55:00,0,1,0
12958,JP,2,00:30:00,00:35:00,238,2,5
12958,ADI,3,09:35:00,,779,2,0
12007,MAS,1,,06:00:00,0,1,0
12007,BBQ,2,06:02:00,06:02:00,2,1,2
12007,SBC,3,10:50:00,11:00:00,295,1,10
12007,MYS,4,13:00:00,,419,1,0
12008,MYS,1,,14:15:00,0,1,0
12008,SBC,2,16:15:00,16:25:00,124,1,10
12008,BBQ,3,21:20:00,21:20:00,417,1,2
12008,MAS,4,21:25:00,,419,1,0
12221,PUNE,1,,15:15:00,0,1,0
12221,MMR,2,19:42:00,19:42:00,200,1,2
12221,JL,3,21:58:00,21:58:00,345,1,2
12221,TRW,4,22:05:00,22:05:00,352,1,2
12221,BDI,5,22:08:00,22:08:00,357,1,2
12221,BSL,6,22:19:00,22:19:00,369,1,2
12221,NGP,7,03:54:00,03:54:00,711,2,2
12221,HWH,8,19:40:00,,1680,2,0
12222,HWH,1,,08:20:00,0,1,0
12222,NGP,2,23:45:00,23:45:00,968,1,2
12222,BSL,3,05:05:00,05:05:00,1311,2,2
12222,BDI,4,05:16:00,05:16:00,1323,2,2
12222,TRW,5,05:19:00,05:19:00,1327,2,2
12222,JL,6,05:25:00,05:25:00,1334,2,2
12222,MMR,7,07:36:00,07:36:00,1479,2,2
12222,PUNE,8,11:35:00,,1680,2,0
12305,HWH,1,,14:05:00,0,1,0
12305,SKG,2,15:01:00,15:01:00,79,1,2
12305,GRP,3,15:04:00,15:04:00,84,1,2
12305,BWN,4,15:09:00,15:09:00,90,1,2
12305,TIT,5,15:14:00,15:14:00,98,1,2
12305,KAN,6,15:18:00,15:18:00,103,1,2
12305,ASN,7,16:21:00,16:21:00,194,1,2
12305,PNBE,8,21:15:00,21:25:00,475,1,10
12305,MGS,9,00:50:00,01:00:00,685,2,10
12305,NYN,10,02:38:00,02:38:00,812,2,2
12305,ALD,11,02:42:00,02:45:00,819,2,3
12305,CNB,12,04:45:00,04:53:00,1004,2,8
12305,GOY,13,04:56:00,04:56:00,1008,2,2
12305,TDL,14,07:34:00,07:34:00,1231,2,2
12305,GZB,15,09:42:00,09:42:00,1409,2,2
12305,SBB,16,09:47:00,09:47:00,1416,2,2
12305,TKJ,17,09:55:00,09:55:00,1430,2,2
12305,CSB,18,09:55:00,09:55:00,1431,2,2
12305,NDLS,19,09:55:00,,1432,2,0
12306,NDLS,1,,17:00:00,0,1,0
12306,CSB,2,17:01:00,17:01:00,1,1,2
12306,TKJ,3,17:02:00,17:02:00,3,1,2
12306,SBB,4,17:11:00,17:11:00,16,1,2
12306,GZB,5,17:16:00,17:16:00,23,1,2
12306,TDL,6,19:13:00,19:13:00,202,1,2
12306,GOY,7,21:37:00,21:37:00,424,1,2
12306,CNB,8,21:37:00,21:42:00,428,1,5
12306,ALD,9,23:42:00,23:45:00,614,1,3
12306,NYN,10,23:51:00,23:51:00,620,1,2
12306,MGS,11,01:45:00,01:55:00,747,2,10
12306,PNBE,12,04:50:00,05:00:00,958,2,10
12306,ASN,13,10:07:00,10:07:00,1238,2,2
12306,KAN,14,11:15:00,11:15:00,1329,2,2
12306,TIT,15,11:19:00,11:19:00,1335,2,2
12306,BWN,16,11:25:00,11:25:00,1342,2,2
12306,GRP,17,11:30:00,11:30:00,1348,2,2
12306,SKG,18,11:34:00,11:34:00,1353,2,2
12306,HWH,19,12:40:00,,1432,2,0
12261,CSTM,1,,17:15:00,0,1,0
12261,VVH,2,17:29:00,17:29:00,17,1,2
12261,GC,3,17:31:00,17:31:00,18,1,2
12261,VK,4,17:33:00,17:33:00,22,1,2
12261,KJMG,5,17:35:00,17:35:00,24,1,2
12261,BND,6,17:37:00,17:37:00,25,1,2
12261,NHU,7,17:38:00,17:38:00,27,1,2
12261,MLND,8,17:40:00,17:40:00,29,1,2
12261,TNA,9,17:42:00,17:42:00,32,1,2
12261,DIVA,10,17:50:00,17:50:00,39,1,2
12261,KOPR,11,17:53:00,17:53:00,43,1,2
12261,DI,12,17:54:00,17:54:00,45,1,2
12261,THK,13,17:55:00,17:55:00,46,1,2
12261,KYN,14,17:58:00,17:58:00,49,1,2
12261,MMR,15,20:45:00,20:45:00,227,1,2
12261,JL,16,22:55:00,22:55:00,372,1,2
12261,TRW,17,23:01:00,23:01:00,379,1,2
12261,BDI,18,23:05:00,23:05:00,383,1,2
12261,BSL,19,23:15:00,23:15:00,396,1,2
12261,NGP,20,04:34:00,04:34:00,738,2,2
12261,HWH,21,19:40:00,,1706,2,0
12262,HWH,1,,08:20:00,0,1,0
12262,NGP,2,23:32:00,23:32:00,968,1,2
12262,BSL,3,04:48:00,04:48:00,1311,2,2
12262,BDI,4,04:58:00,04:58:00,1323,2,2
12262,TRW,5,05:01:00,05:01:00,1327,2,2
12262,JL,6,05:07:00,05:07:00,1334,2,2
12262,MMR,7,07:16:00,07:16:00,1479,2,2
12262,KYN,8,10:01:00,10:01:00,1657,2,2
12262,THK,9,10:04:00,10:04:00,1660,2,2
12262,DI,10,10:05:00,10:05:00,1662,2,2
12262,KOPR,11,10:06:00,10:06:00,1663,2,2
12262,DIVA,12,10:10:00,10:10:00,1667,2,2
12262,TNA,13,10:17:00,10:17:00,1674,2,2
12262,MLND,14,10:19:00,10:19:00,1677,2,2
12262,NHU,15,10:21:00,10:21:00,1679,2,2
12262,BND,16,10:22:00,10:22:00,1681,2,2
12262,KJMG,17,10:24:00,10:24:00,1683,2,2
12262,VK,18,10:25:00,10:25:00,1684,2,2
12262,GC,19,10:28:00,10:28:00,1688,2,2
12262,VVH,20,10:29:00,10:29:00,1689,2,2
12262,CSTM,21,10:30:00,,1706,2,0
12289,CSTM,1,,20:15:00,0,1,0
12289,LTT,2,20:28:00,20:28:00,12,1,2
12289,VVH,3,20:29:00,20:29:00,17,1,2
12289,GC,4,20:30:00,20:30:00,18,1,2
12289,VK,5,20:33:00,20:33:00,22,1,2
12289,KJMG,6,20:34:00,20:34:00,24,1,2
12289,BND,7,20:36:00,20:36:00,26,1,2
12289,NHU,8,20:37:00,20:37:00,27,1,2
12289,MLND,9,20:39:00,20:39:00,30,1,2
12289,TNA,10,20:41:00,20:41:00,32,1,2
12289,DIVA,11,20:48:00,20:48:00,39,1,2
12289,KOPR,12,20:52:00,20:52:00,44,1,2
12289,DI,13,20:53:00,20:53:00,45,1,2
12289,THK,14,20:54:00,20:54:00,46,1,2
12289,KYN,15,20:57:00,20:57:00,50,1,2
12289,MMR,16,23:39:00,23:39:00,227,1,2
12289,JL,17,01:45:00,01:45:00,372,2,2
12289,TRW,18,01:51:00,01:51:00,379,2,2
12289,BDI,19,01:54:00,01:54:00,383,2,2
12289,BSL,20,02:04:00,02:04:00,396,2,2
12289,NGP,21,07:15:00,,738,2,0
12290,NGP,1,,20:50:00,0,1,0
12290,BSL,2,02:02:00,02:02:00,342,2,2
12290,BDI,3,02:13:00,02:13:00,355,2,2
12290,TRW,4,02:16:00,02:16:00,359,2,2
12290,JL,5,02:22:00,02:22:00,366,2,2
12290,MMR,6,04:29:00,04:29:00,511,2,2
12290,KYN,7,07:12:00,07:12:00,689,2,2
12290,THK,8,07:15:00,07:15:00,692,2,2
12290,DI,9,07:16:00,07:16:00,694,2,2
12290,KOPR,10,07:17:00,07:17:00,695,2,2
12290,DIVA,11,07:20:00,07:20:00,699,2,2
12290,TNA,12,07:28:00,07:28:00,706,2,2
12290,MLND,13,07:30:00,07:30:00,709,2,2
12290,NHU,14,07:32:00,07:32:00,711,2,2
12290,BND,15,07:33:00,07:33:00,713,2,2
12290,KJMG,16,07:35:00,07:35:00,715,2,2
12290,VK,17,07:36:00,07:36:00,716,2,2
12290,GC,18,07:39:00,07:39:00,720,2,2
12290,VVH,19,07:40:00,07:40:00,721,2,2
12290,LTT,20,07:41:00,07:41:00,726,2,2
12290,CSTM,21,07:50:00,,738,2,0
12239,BCT,1,,23:15:00,0,1,0
12239,UDN,2,02:34:00,02:34:00,245,2,2
12239,ST,3,02:37:00,02:37:00,249,2,2
12239,URN,4,02:40:00,02:40:00,252,2,2
12239,KSE,5,02:42:00,02:42:00,255,2,2
12239,GTX,6,02:45:00,02:45:00,260,2,2
12239,SYN,7,02:47:00,02:47:00,262,2,2
12239,KDSD,8,02:53:00,02:53:00,269,2,2
12239,KIM,9,02:55:00,02:55:00,272,2,2
12239,KSB,10,03:01:00,03:01:00,280,2,2
12239,HAT,11,03:04:00,03:04:00,284,2,2
12239,PAO,12,03:10:00,03:10:00,288,2,2
12239,AKV,13,03:15:00,03:15:00,298,2,2
12239,BH,14,03:22:00,03:22:00,308,2,2
12239,CVJ,15,03:26:00,03:26:00,313,2,2
12239,NIU,16,03:31:00,03:31:00,319,2,2
12239,VRE,17,03:37:00,03:37:00,325,2,2
12239,PLJ,18,03:42:00,03:42:00,333,2,2
12239,LKD,19,03:47:00,03:47:00,341,2,2
12239,MYGL,20,03:53:00,03:53:00,348,2,2
12239,MYG,21,03:53:00,03:53:00,348,2,2
12239,KSPR,22,03:59:00,03:59:00,356,2,2
12239,ITA,23,04:02:00,04:02:00,360,2,2
12239,VRM,24,04:05:00,04:05:00,364,2,2
12239,MPR,25,04:10:00,04:10:00,369,2,2
12239,VS,26,04:14:00,04:14:00,375,2,2
12239,BRC,27,04:16:00,04:16:00,378,2,2
12239,KOTA,28,10:59:00,10:59:00,801,2,2
12239,JP,29,13:55:00,,990,2,0
12240,JP,1,,19:15:00,0,1,0
12240,KOTA,2,22:46:00,22:46:00,189,1,2
12240,BRC,3,06:28:00,06:28:00,612,2,2
12240,VS,4,06:31:00,06:31:00,615,2,2
12240,MPR,5,06:36:00,06:36:00,621,2,2
12240,VRM,6,06:41:00,06:41:00,626,2,2
12240,ITA,7,06:44:00,06:44:00,630,2,2
12240,KSPR,8,06:48:00,06:48:00,634,2,2
12240,MYG,9,06:55:00,06:55:00,642,2,2
12240,MYGL,10,06:55:00,06:55:00,642,2,2
12240,LKD,11,07:02:00,07:02:00,649,2,2
12240,PLJ,12,07:08:00,07:08:00,657,2,2
12240,VRE,13,07:14:00,07:14:00,664,2,2
12240,NIU,14,07:20:00,07:20:00,670,2,2
12240,CVJ,15,07:26:00,07:26:00,677,2,2
12240,BH,16,07:30:00,07:30:00,682,2,2
12240,AKV,17,07:39:00,07:39:00,691,2,2
12240,PAO,18,07:44:00,07:44:00,701,2,2
12240,HAT,19,07:51:00,07:51:00,705,2,2
12240,KSB,20,07:55:00,07:55:00,710,2,2
12240,KIM,21,08:02:00,08:02:00,717,2,2
12240,KDSD,22,08:04:00,08:04:00,720,2,2
12240,SYN,23,08:11:00,08:11:00,727,2,2
12240,GTX,24,08:13:00,08:13:00,730,2,2
12240,KSE,25,08:16:00,08:16:00,735,2,2
12240,URN,26,08:19:00,08:19:00,737,2,2
12240,ST,27,08:23:00,08:23:00,741,2,2
12240,UDN,28,08:26:00,08:26:00,745,2,2
12240,BCT,29,12:05:00,,990,2,0
12283,ERS,1,,23:30:00,0,1,0
12283,KOPR,2,19:13:00,19:13:00,1085,2,2
12283,UDN,3,22:57:00,22:57:00,1304,2,2
12283,ST,4,23:01:00,23:01:00,1308,2,2
12283,URN,5,23:04:00,23:04:00,1311,2,2
12283,KSE,6,23:07:00,23:07:00,1314,2,2
12283,GTX,7,23:10:00,23:10:00,1318,2,2
12283,SYN,8,23:13:00,23:13:00,1321,2,2
12283,KDSD,9,23:20:00,23:20:00,1328,2,2
12283,KIM,10,23:22:00,23:22:00,1331,2,2
12283,KSB,11,23:29:00,23:29:00,1339,2,2
12283,HAT,12,23:33:00,23:33:00,1343,2,2
12283,PAO,13,23:40:00,23:40:00,1347,2,2
12283,AKV,14,23:46:00,23:46:00,1357,2,2
12283,BH,15,23:54:00,23:54:00,1367,2,2
12283,CVJ,16,23:59:00,23:59:00,1372,2,2
12283,NIU,17,00:05:00,00:05:00,1378,3,2
12283,VRE,18,00:11:00,00:11:00,1384,3,2
12283,PLJ,19,00:17:00,00:17:00,1392,3,2
12283,LKD,20,00:24:00,00:24:00,1400,3,2
12283,MYG,21,00:31:00,00:31:00,1407,3,2
12283,KSPR,22,00:38:00,00:38:00,1415,3,2
12283,ITA,23,00:42:00,00:42:00,1418,3,2
12283,VRM,24,00:45:00,00:45:00,1423,3,2
12283,MPR,25,00:50:00,00:50:00,1428,3,2
12283,VS,26,00:56:00,00:56:00,1434,3,2
12283,BRC,27,00:58:00,00:58:00,1437,3,2
12283,KOTA,28,08:54:00,08:54:00,1859,3,2
12283,MTJ,29,13:48:00,13:48:00,2169,3,2
12283,BTSR,30,13:50:00,13:50:00,2172,3,2
12283,RDE,31,14:56:00,14:56:00,2242,3,2
12283,PWL,32,15:04:00,15:04:00,2251,3,2
12283,AST,33,15:14:00,15:14:00,2262,3,2
12283,BVH,34,15:23:00,15:23:00,2273,3,2
12283,FDN,35,15:27:00,15:27:00,2276,3,2
12283,FDB,36,15:31:00,15:31:00,2280,3,2
12283,TKD,37,15:41:00,15:41:00,2292,3,2
12283,OKA,38,15:46:00,15:46:00,2298,3,2
12283,NZM,39,19:30:00,,2301,3,0
12284,NZM,1,,21:35:00,0,1,0
12284,OKA,2,21:38:00,21:38:00,4,1,2
12284,TKD,3,21:43:00,21:43:00,10,1,2
12284,FDB,4,21:53:00,21:53:00,21,1,2
12284,FDN,5,21:56:00,21:56:00,25,1,2
12284,BVH,6,22:00:00,22:00:00,29,1,2
12284,AST,7,22:08:00,22:08:00,39,1,2
12284,PWL,8,22:18:00,22:18:00,50,1,2
12284,RDE,9,22:26:00,22:26:00,59,1,2
12284,BTSR,10,23:27:00,23:27:00,130,1,2
12284,MTJ,11,23:29:00,23:29:00,132,1,2
12284,KOTA,12,04:06:00,04:06:00,442,2,2
12284,BRC,13,11:35:00,11:35:00,865,2,2
12284,VS,14,11:38:00,11:38:00,868,2,2
12284,MPR,15,11:43:00,11:43:00,873,2,2
12284,VRM,16,11:47:00,11:47:00,879,2,2
12284,ITA,17,11:51:00,11:51:00,883,2,2
12284,KSPR,18,11:54:00,11:54:00,886,2,2
12284,MYG,19,12:01:00,12:01:00,894,2,2
12284,LKD,20,12:08:00,12:08:00,901,2,2
12284,PLJ,21,12:14:00,12:14:00,910,2,2
12284,VRE,22,12:19:00,12:19:00,917,2,2
12284,NIU,23,12:25:00,12:25:00,923,2,2
12284,CVJ,24,12:31:00,12:31:00,929,2,2
12284,BH,25,12:36:00,12:36:00,935,2,2
12284,AKV,26,12:43:00,12:43:00,944,2,2
12284,PAO,27,12:49:00,12:49:00,954,2,2
12284,HAT,28,12:56:00,12:56:00,958,2,2
12284,KSB,29,12:59:00,12:59:00,962,2,2
12284,KIM,30,13:06:00,13:06:00,970,2,2
12284,KDSD,31,13:08:00,13:08:00,973,2,2
12284,SYN,32,13:14:00,13:14:00,980,2,2
12284,GTX,33,13:17:00,13:17:00,983,2,2
12284,KSE,34,13:20:00,13:20:00,987,2,2
12284,URN,35,13:23:00,13:23:00,990,2,2
12284,ST,36,13:26:00,13:26:00,993,2,2
12284,UDN,37,13:30:00,13:30:00,997,2,2
12284,KOPR,38,17:01:00,17:01:00,1217,2,2
12284,ERS,39,15:30:00,,2301,3,0
12953,BCT,1,,17:40:00,0,1,0
12953,UDN,2,20:56:00,20:56:00,245,1,2
12953,ST,3,20:59:00,21:04:00,249,1,5
12953,URN,4,21:07:00,21:07:00,252,1,2
12953,KSE,5,21:09:00,21:09:00,255,1,2
12953,GTX,6,21:11:00,21:11:00,260,1,2
12953,SYN,7,21:13:00,21:13:00,262,1,2
12953,KDSD,8,21:18:00,21:18:00,269,1,2
12953,KIM,9,21:20:00,21:20:00,272,1,2
12953,KSB,10,21:25:00,21:25:00,280,1,2
12953,HAT,11,21:28:00,21:28:00,284,1,2
12953,PAO,12,21:33:00,21:33:00,288,1,2
12953,AKV,13,21:37:00,21:37:00,298,1,2
12953,BH,14,21:43:00,21:45:00,308,1,2
12953,CVJ,15,21:49:00,21:49:00,313,1,2
12953,NIU,16,21:54:00,21:54:00,319,1,2
12953,VRE,17,21:59:00,21:59:00,325,1,2
12953,PLJ,18,22:04:00,22:04:00,333,1,2
12953,LKD,19,22:09:00,22:09:00,341,1,2
12953,MYGL,20,22:15:00,22:15:00,348,1,2
12953,MYG,21,22:15:00,22:15:00,348,1,2
12953,KSPR,22,22:20:00,22:20:00,356,1,2
12953,ITA,23,22:23:00,22:23:00,360,1,2
12953,VRM,24,22:26:00,22:26:00,364,1,2
12953,MPR,25,22:30:00,22:30:00,369,1,2
12953,VS,26,22:34:00,22:34:00,375,1,2
12953,BRC,27,22:36:00,22:52:00,378,1,16
12953,KOTA,28,05:15:00,05:25:00,801,2,10
12953,MTJ,29,09:00:00,09:02:00,1110,2,2
12953,BTSR,30,09:04:00,09:04:00,1113,2,2
12953,RDE,31,10:05:00,10:05:00,1183,2,2
12953,PWL,32,10:13:00,10:13:00,1192,2,2
12953,AST,33,10:23:00,10:23:00,1204,2,2
12953,BVH,34,10:31:00,10:31:00,1214,2,2
12953,FDN,35,10:35:00,10:35:00,1218,2,2
12953,FDB,36,10:38:00,10:38:00,1221,2,2
12953,TKD,37,10:48:00,10:48:00,1233,2,2
12953,OKA,38,10:53:00,10:53:00,1239,2,2
12953,NZM,39,10:55:00,,1242,2,0
12954,NZM,1,,16:55:00,0,1,0
12954,OKA,2,16:58:00,16:58:00,4,1,2
12954,TKD,3,17:03:00,17:03:00,10,1,2
12954,FDB,4,17:11:00,17:11:00,21,1,2
12954,FDN,5,17:14:00,17:14:00,25,1,2
12954,BVH,6,17:17:00,17:17:00,29,1,2
12954,AST,7,17:25:00,17:25:00,39,1,2
12954,PWL,8,17:34:00,17:34:00,50,1,2
12954,RDE,9,17:41:00,17:41:00,59,1,2
12954,BTSR,10,18:37:00,18:37:00,130,1,2
12954,MTJ,11,18:38:00,18:40:00,132,1,2
12954,KOTA,12,21:45:00,21:55:00,442,1,10
12954,BRC,13,04:23:00,04:40:00,865,2,17
12954,VS,14,04:42:00,04:42:00,868,2,2
12954,MPR,15,04:46:00,04:46:00,873,2,2
12954,VRM,16,04:49:00,04:49:00,879,2,2
12954,ITA,17,04:52:00,04:52:00,883,2,2
12954,KSPR,18,04:55:00,04:55:00,886,2,2
12954,MYG,19,05:00:00,05:00:00,894,2,2
12954,MYGL,20,05:00:00,05:00:00,895,2,2
12954,LKD,21,05:05:00,05:05:00,901,2,2
12954,PLJ,22,05:10:00,05:10:00,910,2,2
12954,VRE,23,05:14:00,05:14:00,917,2,2
12954,NIU,24,05:19:00,05:19:00,923,2,2
12954,CVJ,25,05:23:00,05:23:00,929,2,2
12954,BH,26,05:26:00,05:28:00,935,2,2
12954,AKV,27,05:36:00,05:36:00,944,2,2
12954,PAO,28,05:41:00,05:41:00,954,2,2
12954,HAT,29,05:47:00,05:47:00,958,2,2
12954,KSB,30,05:51:00,05:51:00,962,2,2
12954,KIM,31,05:57:00,05:57:00,970,2,2
12954,KDSD,32,06:00:00,06:00:00,973,2,2
12954,SYN,33,06:05:00,06:05:00,980,2,2
12954,GTX,34,06:08:00,06:08:00,983,2,2
12954,KSE,35,06:11:00,06:11:00,987,2,2
12954,URN,36,06:14:00,06:14:00,990,2,2
12954,ST,37,06:16:00,06:21:00,993,2,5
12954,UDN,38,06:24:00,06:24:00,997,2,2
12954,BCT,39,10:35:00,,1242,2,0
12431,DIVA,1,,12:15:00,0,1,0
12431,ERS,2,22:20:00,22:25:00,1083,1,5
12431,KOPR,3,18:46:00,18:46:00,2168,2,2
12431,UDN,4,22:26:00,22:26:00,2387,2,2
12431,ST,5,22:29:00,22:29:00,2391,2,2
12431,URN,6,22:33:00,22:33:00,2395,2,2
12431,KSE,7,22:35:00,22:35:00,2397,2,2
12431,GTX,8,22:38:00,22:38:00,2402,2,2
12431,SYN,9,22:40:00,22:40:00,2405,2,2
12431,KDSD,10,22:46:00,22:46:00,2412,2,2
12431,KIM,11,22:48:00,22:48:00,2415,2,2
12431,KSB,12,22:55:00,22:55:00,2422,2,2
12431,HAT,13,22:58:00,22:58:00,2427,2,2
12431,PAO,14,23:05:00,23:05:00,2431,2,2
12431,AKV,15,23:10:00,23:10:00,2441,2,2
12431,BH,16,23:17:00,23:17:00,2450,2,2
12431,CVJ,17,23:21:00,23:21:00,2455,2,2
12431,NIU,18,23:27:00,23:27:00,2462,2,2
12431,VRE,19,23:32:00,23:32:00,2468,2,2
12431,PLJ,20,23:38:00,23:38:00,2475,2,2
12431,LKD,21,23:44:00,23:44:00,2483,2,2
12431,MYG,22,23:50:00,23:50:00,2490,2,2
12431,KSPR,23,23:56:00,23:56:00,2498,2,2
12431,ITA,24,23:59:00,23:59:00,2502,2,2
12431,VRM,25,00:03:00,00:03:00,2506,3,2
12431,MPR,26,00:07:00,00:07:00,2511,3,2
12431,VS,27,00:10:00,00:10:00,2517,3,2
12431,BRC,28,00:10:00,00:26:00,2520,3,16
12431,KOTA,29,06:50:00,07:00:00,2943,3,10
12431,MTJ,30,11:03:00,11:03:00,3253,3,2
12431,BTSR,31,11:05:00,11:05:00,3255,3,2
12431,RDE,32,11:59:00,11:59:00,3325,3,2
12431,PWL,33,12:06:00,12:06:00,3335,3,2
12431,AST,34,12:14:00,12:14:00,3346,3,2
12431,BVH,35,12:22:00,12:22:00,3356,3,2
12431,FDN,36,12:25:00,12:25:00,3360,3,2
12431,FDB,37,12:28:00,12:28:00,3364,3,2
12431,TKD,38,12:36:00,12:36:00,3375,3,2
12431,OKA,39,12:40:00,12:40:00,3381,3,2
12431,NZM,40,12:40:00,,3385,3,0
12432,DIVA,1,,12:15:00,0,1,0
12432,NZM,2,12:00:00,11:00:00,1129,1,1380
12432,OKA,3,11:02:00,11:02:00,1133,1,2
12432,TKD,4,11:06:00,11:06:00,1139,1,2
12432,FDB,5,11:12:00,11:12:00,1150,1,2
12432,FDN,6,11:15:00,11:15:00,1154,1,2
12432,BVH,7,11:17:00,11:17:00,1158,1,2
12432,AST,8,11:23:00,11:23:00,1168,1,2
12432,PWL,9,11:30:00,11:30:00,1179,1,2
12432,RDE,10,11:35:00,11:35:00,1189,1,2
12432,BTSR,11,12:18:00,12:18:00,1259,1,2
12432,MTJ,12,12:20:00,12:20:00,1261,1,2
12432,KOTA,13,15:30:00,15:40:00,1571,1,10
12432,BRC,14,22:20:00,22:36:00,1994,1,16
12432,VS,15,22:39:00,22:39:00,1997,1,2
12432,MPR,16,22:44:00,22:44:00,2003,1,2
12432,VRM,17,22:49:00,22:49:00,2008,1,2
12432,ITA,18,22:52:00,22:52:00,2012,1,2
12432,KSPR,19,22:55:00,22:55:00,2015,1,2
12432,MYG,20,23:02:00,23:02:00,2024,1,2
12432,LKD,21,23:09:00,23:09:00,2031,1,2
12432,PLJ,22,23:16:00,23:16:00,2039,1,2
12432,VRE,23,23:21:00,23:21:00,2046,1,2
12432,NIU,24,23:27:00,23:27:00,2052,1,2
12432,CVJ,25,23:34:00,23:34:00,2059,1,2
12432,BH,26,23:38:00,23:38:00,2064,1,2
12432,AKV,27,23:46:00,23:46:00,2073,1,2
12432,PAO,28,23:52:00,23:52:00,2083,1,2
12432,HAT,29,23:59:00,23:59:00,2087,1,2
12432,KSB,30,00:02:00,00:02:00,2092,2,2
12432,KIM,31,00:09:00,00:09:00,2099,2,2
12432,KDSD,32,00:12:00,00:12:00,2102,2,2
12432,SYN,33,00:18:00,00:18:00,2109,2,2
12432,GTX,34,00:21:00,00:21:00,2112,2,2
12432,KSE,35,00:24:00,00:24:00,2117,2,2
12432,URN,36,00:27:00,00:27:00,2119,2,2
12432,ST,37,00:30:00,00:30:00,2123,2,2
12432,UDN,38,00:33:00,00:33:00,2127,2,2
12432,KOPR,39,04:25:00,04:25:00,2346,2,2
12432,ERS,40,01:10:00,,3430,3,0
12263,PUNE,1,,11:10:00,0,1,0
12263,KYN,2,13:00:00,13:00:00,111,1,2
12263,THK,3,13:03:00,13:03:00,114,1,2
12263,DI,4,13:04:00,13:04:00,116,1,2
12263,KOPR,5,13:08:00,13:08:00,117,1,2
12263,UDN,6,16:26:00,16:26:00,336,1,2
12263,ST,7,16:29:00,16:29:00,340,1,2
12263,URN,8,16:32:00,16:32:00,344,1,2
12263,KSE,9,16:35:00,16:35:00,346,1,2
12263,GTX,10,16:38:00,16:38:00,351,1,2
12263,SYN,11,16:40:00,16:40:00,354,1,2
12263,KDSD,12,16:46:00,16:46:00,361,1,2
12263,KIM,13,16:48:00,16:48:00,364,1,2
12263,KSB,14,16:54:00,16:54:00,371,1,2
12263,HAT,15,16:58:00,16:58:00,376,1,2
12263,PAO,16,17:04:00,17:04:00,380,1,2
12263,AKV,17,17:09:00,17:09:00,390,1,2
12263,BH,18,17:16:00,17:16:00,399,1,2
12263,CVJ,19,17:20:00,17:20:00,404,1,2
12263,NIU,20,17:26:00,17:26:00,411,1,2
12263,VRE,21,17:31:00,17:31:00,417,1,2
12263,PLJ,22,17:37:00,17:37:00,424,1,2
12263,LKD,23,17:43:00,17:43:00,432,1,2
12263,MYGL,24,17:49:00,17:49:00,439,1,2
12263,MYG,25,17:49:00,17:49:00,439,1,2
12263,KSPR,26,17:55:00,17:55:00,447,1,2
12263,ITA,27,17:58:00,17:58:00,451,1,2
12263,VRM,28,18:01:00,18:01:00,455,1,2
12263,MPR,29,18:06:00,18:06:00,460,1,2
12263,VS,30,18:11:00,18:11:00,466,1,2
12263,BRC,31,18:13:00,18:13:00,469,1,2
12263,KOTA,32,01:14:00,01:14:00,892,2,2
12263,MTJ,33,05:33:00,05:33:00,1202,2,2
12263,BTSR,34,05:35:00,05:35:00,1204,2,2
12263,RDE,35,06:33:00,06:33:00,1274,2,2
12263,PWL,36,06:40:00,06:40:00,1284,2,2
12263,AST,37,06:49:00,06:49:00,1295,2,2
12263,BVH,38,06:57:00,06:57:00,1305,2,2
12263,FDN,39,07:00:00,07:00:00,1309,2,2
12263,FDB,40,07:04:00,07:04:00,1313,2,2
12263,TKD,41,07:12:00,07:12:00,1324,2,2
12263,OKA,42,07:15:00,07:15:00,1330,2,2
12263,NZM,43,07:15:00,,1334,2,0
12264,NZM,1,,11:00:00,0,1,0
12264,OKA,2,11:03:00,11:03:00,4,1,2
12264,TKD,3,11:08:00,11:08:00,10,1,2
12264,FDB,4,11:17:00,11:17:00,21,1,2
12264,FDN,5,11:20:00,11:20:00,25,1,2
12264,BVH,6,11:23:00,11:23:00,29,1,2
12264,AST,7,11:31:00,11:31:00,39,1,2
12264,PWL,8,11:40:00,11:40:00,50,1,2
12264,RDE,9,11:47:00,11:47:00,59,1,2
12264,BTSR,10,12:44:00,12:44:00,130,1,2
12264,MTJ,11,12:47:00,12:47:00,132,1,2
12264,KOTA,12,17:05:00,17:05:00,442,1,2
12264,BRC,13,00:03:00,00:03:00,865,2,2
12264,VS,14,00:06:00,00:06:00,868,2,2
12264,MPR,15,00:10:00,00:10:00,873,2,2
12264,VRM,16,00:15:00,00:15:00,879,2,2
12264,ITA,17,00:18:00,00:18:00,883,2,2
12264,KSPR,18,00:21:00,00:21:00,886,2,2
12264,MYG,19,00:27:00,00:27:00,894,2,2
12264,MYGL,20,00:27:00,00:27:00,895,2,2
12264,LKD,21,00:33:00,00:33:00,901,2,2
12264,PLJ,22,00:39:00,00:39:00,910,2,2
12264,VRE,23,00:44:00,00:44:00,917,2,2
12264,NIU,24,00:50:00,00:50:00,923,2,2
12264,CVJ,25,00:55:00,00:55:00,929,2,2
12264,BH,26,00:59:00,00:59:00,935,2,2
12264,AKV,27,01:07:00,01:07:00,944,2,2
12264,PAO,28,01:12:00,01:12:00,954,2,2
12264,HAT,29,01:18:00,01:18:00,958,2,2
12264,KSB,30,01:22:00,01:22:00,962,2,2
12264,KIM,31,01:28:00,01:28:00,970,2,2
12264,KDSD,32,01:30:00,01:30:00,973,2,2
12264,SYN,33,01:36:00,01:36:00,980,2,2
12264,GTX,34,01:38:00,01:38:00,983,2,2
12264,KSE,35,01:41:00,01:41:00,987,2,2
12264,URN,36,01:43:00,01:43:00,990,2,2
12264,ST,37,01:47:00,01:47:00,993,2,2
12264,UDN,38,01:50:00,01:50:00,997,2,2
12264,KOPR,39,05:06:00,05:06:00,1217,2,2
12264,DI,40,05:10:00,05:10:00,1218,2,2
12264,THK,41,05:11:00,05:11:00,1219,2,2
12264,KYN,42,05:14:00,05:14:00,1223,2,2
12264,PUNE,43,07:00:00,,1334,2,0
12015,NDLS,1,,06:05:00,0,1,0
12015,JP,2,10:30:00,,238,1,0
12016,JP,1,,17:50:00,0,1,0
12016,NDLS,2,22:40:00,,238,1,0
12073,HWH,1,,13:35:00,0,1,0
12073,BBS,2,20:20:00,,365,1,0
12074,BBS,1,,06:20:00,0,1,0
12074,HWH,2,12:50:00,,365,1,0
12079,SBC,1,,06:00:00,0,1,0
12079,YPR,2,06:08:00,,6,1,0
12080,YPR,1,,21:00:00,0,1,0
12080,SBC,2,21:25:00,,6,1,0
12277,HWH,1,,14:25:00,0,1,0
12277,BBS,2,20:48:00,,365,1,0
12278,BBS,1,,07:24:00,0,1,0
12278,HWH,2,13:45:00,,365,1,0
12271,LKO,1,,23:30:00,0,1,0
12271,MB,2,04:50:00,04:50:00,308,2,2
12271,GZB,3,07:09:00,07:09:00,439,2,2
12271,SBB,4,07:16:00,07:16:00,446,2,2
12271,TKJ,5,07:30:00,07:30:00,460,2,2
12271,CSB,6,07:30:00,07:30:00,461,2,2
12271,NDLS,7,07:30:00,,462,2,0
12272,NDLS,1,,23:30:00,0,1,0
12272,CSB,2,23:31:00,23:31:00,1,1,2
12272,TKJ,3,23:32:00,23:32:00,3,1,2
12272,SBB,4,23:47:00,23:47:00,16,1,2
12272,GZB,5,23:54:00,23:54:00,23,1,2
12272,MB,6,02:07:00,02:07:00,155,2,2
12272,LKO,7,07:10:00,,462,2,0
12023,HWH,1,,14:05:00,0,1,0
12023,SKG,2,15:05:00,15:05:00,79,1,2
12023,GRP,3,15:09:00,15:09:00,84,1,2
12023,BWN,4,15:14:00,15:14:00,90,1,2
12023,TIT,5,15:19:00,15:19:00,98,1,2
12023,KAN,6,15:23:00,15:23:00,103,1,2
12023,ASN,7,16:39:00,16:49:00,194,1,10
12023,PNBE,8,22:15:00,,475,1,0
12024,PNBE,1,,05:45:00,0,1,0
12024,ASN,2,10:42:00,10:47:00,280,1,5
12024,KAN,3,11:59:00,11:59:00,371,1,2
12024,TIT,4,12:04:00,12:04:00,377,1,2
12024,BWN,5,12:10:00,12:10:00,384,1,2
12024,GRP,6,12:15:00,12:15:00,391,1,2
12024,SKG,7,12:19:00,12:19:00,396,1,2
12024,HWH,8,13:25:00,,475,1,0
